CustomerID,FullName,Gender,Age,City,State,Membership,JoinDate,PreferredCategory,PreferredFabric,PreferredPriceRange,LoyaltyPoints,CustomerTenureDays
C00001,Keerthana Krishnan,Female,26,Coimbatore,Tamil Nadu,Silver,2023-08-06,Women,Handloom,Premium,2902,1079
C00002,Keerthana Kumar,Female,35,Salem,Tamil Nadu,Bronze,2025-08-25,Women,Silk,Luxury,792,329
C00003,Kavya Shankar,Female,29,Madurai,Tamil Nadu,Gold,2023-03-31,Women,Silk,Premium,6837,1207
C00004,Rahul Kumar,Male,25,Villupuram,Tamil Nadu,Gold,2023-02-28,Men,Polyester,Standard,6302,1238
C00005,Saravanan Vel,Male,27,Hosur,Tamil Nadu,Bronze,2025-12-18,Men,Handloom,Budget,181,214
C00006,Lakshmi Raman,Female,65,Erode,Tamil Nadu,Gold,2023-05-15,Accessories,Handloom,Premium,5759,1162
C00007,Revathi Nathan,Female,23,Vellore,Tamil Nadu,Gold,2025-06-06,Women,Polyester,Standard,4826,409
C00008,Manoj Vel,Male,53,Madurai,Tamil Nadu,Platinum,2023-11-10,Men,Silk,Standard,12682,983
C00009,Harini Devi,Female,38,Coimbatore,Tamil Nadu,Silver,2024-11-03,Home & Lifestyle,Silk,Budget,2387,624
C00010,Meena Babu,Female,38,Hosur,Tamil Nadu,Gold,2024-06-08,Women,Silk,Budget,3849,772
C00011,Revathi Raj,Female,54,Kanchipuram,Tamil Nadu,Bronze,2023-09-26,Women,Polyester,Premium,109,1028
C00012,Karthik Iyer,Male,44,Salem,Tamil Nadu,Bronze,2025-09-01,Men,Silk,Standard,238,322
C00013,Suresh Iyer,Male,54,Trichy,Tamil Nadu,Silver,2025-02-16,Men,Silk,Standard,2501,519
C00014,Hari Raman,Male,48,Hosur,Tamil Nadu,Silver,2023-01-14,Men,Silk,Budget,1169,1283
C00015,Ramesh Vel,Male,39,Kanchipuram,Tamil Nadu,Bronze,2024-11-09,Accessories,Cotton,Standard,272,618
C00016,Meena Vel,Female,26,Kanchipuram,Tamil Nadu,Bronze,2024-05-30,Women,Silk,Standard,137,781
C00017,Hari Nathan,Male,62,Coimbatore,Tamil Nadu,Bronze,2025-08-20,Men,Cotton,Standard,326,334
C00018,Aishwarya Devi,Female,52,Villupuram,Tamil Nadu,Bronze,2025-12-31,Women,Silk,Budget,370,201
C00019,Anitha Reddy,Female,33,Kallakurichi,Tamil Nadu,Gold,2024-10-10,Women,Handloom,Standard,6802,648
C00020,Vijay Kumar,Male,44,Erode,Tamil Nadu,Bronze,2025-11-26,Men,Silk,Premium,551,236
C00021,Lakshmi Prasad,Female,36,Tiruppur,Tamil Nadu,Silver,2023-12-08,Women,Cotton,Budget,1890,955
C00022,Karthik Babu,Male,37,Hosur,Tamil Nadu,Bronze,2023-09-08,Men,Handloom,Luxury,484,1046
C00023,Arun Prasad,Male,44,Hosur,Tamil Nadu,Bronze,2024-01-26,Home & Lifestyle,Polyester,Standard,62,906
C00024,Kavya Nathan,Female,34,Thanjavur,Tamil Nadu,Silver,2025-09-21,Women,Cotton,Budget,1772,302
C00025,Ramesh Iyer,Male,43,Kanchipuram,Tamil Nadu,Bronze,2023-12-10,Home & Lifestyle,Polyester,Budget,754,953
C00026,Divya Prasad,Female,28,Vellore,Tamil Nadu,Bronze,2024-12-15,Women,Handloom,Budget,478,582
C00027,Pavithra Krishnan,Female,59,Villupuram,Tamil Nadu,Bronze,2023-12-01,Women,Handloom,Budget,525,962
C00028,Lakshmi Krishnan,Female,34,Tiruppur,Tamil Nadu,Gold,2023-08-14,Women,Linen,Premium,4974,1071
C00029,Kishore Reddy,Male,49,Kanchipuram,Tamil Nadu,Bronze,2024-05-19,Men,Silk,Luxury,873,792
C00030,Arun Mohan,Male,25,Trichy,Tamil Nadu,Bronze,2024-03-01,Men,Handloom,Budget,708,871
C00031,Lakshmi Prasad,Female,65,Kallakurichi,Tamil Nadu,Bronze,2023-02-12,Accessories,Linen,Standard,153,1254
C00032,Harini Raj,Female,21,Karur,Tamil Nadu,Bronze,2023-12-07,Women,Handloom,Premium,976,956
C00033,Kavya Raj,Female,58,Hosur,Tamil Nadu,Silver,2024-01-12,Women,Linen,Budget,1649,920
C00034,Ajith Babu,Male,47,Thanjavur,Tamil Nadu,Silver,2023-08-24,Men,Cotton,Premium,1871,1061
C00035,Kavya Raman,Female,23,Karur,Tamil Nadu,Silver,2024-12-07,Accessories,Silk,Budget,1098,590
C00036,Saravanan Raj,Male,56,Salem,Tamil Nadu,Silver,2023-07-07,Home & Lifestyle,Cotton,Standard,1692,1109
C00037,Ramesh Mohan,Male,64,Erode,Tamil Nadu,Bronze,2025-09-03,Accessories,Linen,Budget,92,320
C00038,Kishore Nathan,Male,42,Kanchipuram,Tamil Nadu,Silver,2024-04-29,Men,Cotton,Budget,2379,812
C00039,Hari Babu,Male,53,Kallakurichi,Tamil Nadu,Silver,2024-04-04,Men,Silk,Premium,1232,837
C00040,Pavithra Reddy,Female,45,Tirunelveli,Tamil Nadu,Bronze,2025-12-10,Women,Handloom,Standard,811,222
C00041,Divya Selvi,Female,59,Coimbatore,Tamil Nadu,Gold,2024-02-29,Women,Linen,Budget,4538,872
C00042,Gokul Reddy,Male,21,Kanchipuram,Tamil Nadu,Platinum,2023-08-15,Men,Handloom,Standard,9276,1070
C00043,Arun Selvi,Male,24,Coimbatore,Tamil Nadu,Bronze,2025-04-04,Home & Lifestyle,Handloom,Standard,748,472
C00044,Harini Selvi,Female,64,Tiruppur,Tamil Nadu,Silver,2024-04-13,Women,Silk,Standard,1660,828
C00045,Nithya Prasad,Female,44,Hosur,Tamil Nadu,Bronze,2025-07-17,Women,Polyester,Standard,257,368
C00046,Ramesh Raman,Male,51,Salem,Tamil Nadu,Bronze,2023-07-03,Men,Silk,Budget,517,1113
C00047,Kishore Murugan,Male,24,Tirunelveli,Tamil Nadu,Silver,2023-08-03,Men,Handloom,Standard,2148,1082
C00048,Revathi Murugan,Female,32,Tiruppur,Tamil Nadu,Bronze,2024-12-04,Women,Cotton,Premium,757,593
C00049,Nithya Prasad,Female,21,Salem,Tamil Nadu,Silver,2025-04-29,Women,Polyester,Budget,1954,447
C00050,Priya Babu,Female,21,Karur,Tamil Nadu,Gold,2025-03-01,Women,Polyester,Budget,4944,506
C00051,Saravanan Nathan,Male,57,Salem,Tamil Nadu,Platinum,2023-12-04,Home & Lifestyle,Polyester,Standard,14498,959
C00052,Dinesh Devi,Male,30,Hosur,Tamil Nadu,Silver,2025-03-26,Men,Linen,Budget,2271,481
C00053,Lakshmi Shankar,Female,52,Thanjavur,Tamil Nadu,Gold,2025-11-14,Accessories,Silk,Standard,4773,248
C00054,Hari Murugan,Male,56,Karur,Tamil Nadu,Silver,2024-02-26,Men,Cotton,Budget,1257,875
C00055,Gokul Kumar,Male,24,Vellore,Tamil Nadu,Gold,2025-08-28,Men,Linen,Budget,5568,326
C00056,Rahul Kumar,Male,56,Kanchipuram,Tamil Nadu,Gold,2025-11-09,Men,Cotton,Premium,6979,253
C00057,Priya Reddy,Female,27,Villupuram,Tamil Nadu,Silver,2024-09-30,Kids,Linen,Budget,2007,658
C00058,Ramesh Krishnan,Male,45,Kanchipuram,Tamil Nadu,Silver,2023-11-20,Accessories,Silk,Budget,1341,973
C00059,Karthik Raj,Male,57,Hosur,Tamil Nadu,Bronze,2025-06-03,Men,Linen,Standard,494,412
C00060,Saravanan Kumar,Male,33,Thanjavur,Tamil Nadu,Bronze,2025-01-04,Men,Handloom,Standard,290,562
C00061,Aishwarya Shankar,Female,52,Villupuram,Tamil Nadu,Bronze,2023-06-19,Women,Polyester,Budget,833,1127
C00062,Manoj Babu,Male,46,Hosur,Tamil Nadu,Silver,2025-10-26,Accessories,Polyester,Budget,1565,267
C00063,Karthik Devi,Male,58,Hosur,Tamil Nadu,Platinum,2023-03-17,Men,Polyester,Standard,9646,1221
C00064,Kavya Raman,Female,33,Coimbatore,Tamil Nadu,Gold,2025-06-04,Women,Handloom,Premium,6117,411
C00065,Gokul Iyer,Male,49,Thanjavur,Tamil Nadu,Silver,2024-04-07,Men,Cotton,Premium,1550,834
C00066,Ajith Murugan,Male,31,Kanchipuram,Tamil Nadu,Bronze,2023-05-18,Men,Handloom,Budget,320,1159
C00067,Sowmya Murugan,Female,52,Villupuram,Tamil Nadu,Bronze,2024-04-29,Women,Linen,Premium,779,812
C00068,Saravanan Krishnan,Male,43,Villupuram,Tamil Nadu,Silver,2025-09-10,Men,Silk,Premium,2272,313
C00069,Ajith Vel,Male,61,Tiruppur,Tamil Nadu,Silver,2025-09-19,Accessories,Cotton,Budget,1828,304
C00070,Pavithra Devi,Female,20,Kanchipuram,Tamil Nadu,Silver,2024-05-03,Women,Linen,Standard,1122,808
C00071,Suresh Babu,Male,50,Madurai,Tamil Nadu,Bronze,2024-10-18,Men,Silk,Premium,484,640
C00072,Hari Shankar,Male,40,Hosur,Tamil Nadu,Gold,2023-12-26,Accessories,Handloom,Budget,6507,937
C00073,Manoj Raman,Male,60,Erode,Tamil Nadu,Bronze,2023-12-07,Men,Silk,Budget,488,956
C00074,Hari Mohan,Male,19,Coimbatore,Tamil Nadu,Silver,2024-11-09,Men,Handloom,Standard,1089,618
C00075,Arun Reddy,Male,48,Hosur,Tamil Nadu,Bronze,2024-05-13,Men,Silk,Budget,950,798
C00076,Priya Reddy,Female,61,Salem,Tamil Nadu,Bronze,2023-12-28,Kids,Linen,Standard,763,935
C00077,Meena Kumar,Female,46,Coimbatore,Tamil Nadu,Platinum,2023-04-25,Women,Cotton,Standard,14693,1182
C00078,Swathi Nathan,Female,34,Tirunelveli,Tamil Nadu,Gold,2025-03-06,Accessories,Cotton,Standard,6998,501
C00079,Keerthana Selvi,Female,39,Kanchipuram,Tamil Nadu,Bronze,2024-03-08,Kids,Silk,Standard,120,864
C00080,Naveen Raj,Male,27,Trichy,Tamil Nadu,Gold,2024-09-22,Men,Handloom,Budget,3428,666
C00081,Manoj Prasad,Male,26,Chennai,Tamil Nadu,Bronze,2025-07-25,Men,Silk,Standard,674,360
C00082,Anitha Mohan,Female,40,Karur,Tamil Nadu,Bronze,2024-07-31,Accessories,Linen,Premium,820,719
C00083,Praveen Devi,Male,38,Hosur,Tamil Nadu,Bronze,2023-08-25,Men,Cotton,Standard,680,1060
C00084,Kavya Reddy,Female,22,Coimbatore,Tamil Nadu,Silver,2023-10-22,Women,Linen,Budget,1519,1002
C00085,Suresh Raj,Male,59,Hosur,Tamil Nadu,Gold,2024-08-27,Men,Cotton,Luxury,5621,692
C00086,Manoj Iyer,Male,50,Kanchipuram,Tamil Nadu,Bronze,2024-02-08,Home & Lifestyle,Cotton,Premium,700,893
C00087,Revathi Murugan,Female,38,Tirunelveli,Tamil Nadu,Gold,2025-05-20,Women,Linen,Premium,3238,426
C00088,Ajith Krishnan,Male,27,Tiruppur,Tamil Nadu,Bronze,2023-02-02,Men,Cotton,Budget,273,1264
C00089,Lakshmi Shankar,Female,54,Kallakurichi,Tamil Nadu,Gold,2024-11-01,Women,Linen,Standard,3481,626
C00090,Lakshmi Raman,Female,43,Villupuram,Tamil Nadu,Silver,2023-07-12,Kids,Silk,Standard,1365,1104
C00091,Gokul Babu,Male,29,Thanjavur,Tamil Nadu,Silver,2024-04-06,Men,Cotton,Standard,2353,835
C00092,Praveen Murugan,Male,18,Coimbatore,Tamil Nadu,Silver,2024-05-31,Men,Handloom,Budget,2331,780
C00093,Pavithra Raj,Female,64,Hosur,Tamil Nadu,Silver,2025-01-29,Accessories,Linen,Budget,1492,537
C00094,Praveen Reddy,Male,64,Karur,Tamil Nadu,Platinum,2023-07-28,Men,Cotton,Premium,10819,1088
C00095,Harini Reddy,Female,18,Vellore,Tamil Nadu,Bronze,2024-04-05,Accessories,Handloom,Luxury,203,836
C00096,Anitha Murugan,Female,63,Kallakurichi,Tamil Nadu,Silver,2025-08-09,Accessories,Handloom,Budget,1383,345
C00097,Divya Reddy,Female,33,Coimbatore,Tamil Nadu,Bronze,2024-08-16,Women,Silk,Premium,927,703
C00098,Swathi Kumar,Female,27,Madurai,Tamil Nadu,Bronze,2024-12-18,Women,Linen,Standard,180,579
C00099,Revathi Prasad,Female,49,Coimbatore,Tamil Nadu,Silver,2025-06-01,Women,Polyester,Standard,1791,414
C00100,Kavya Nathan,Female,28,Kanchipuram,Tamil Nadu,Bronze,2023-03-13,Women,Linen,Standard,688,1225
C00101,Ramesh Murugan,Male,62,Erode,Tamil Nadu,Bronze,2025-09-23,Men,Polyester,Budget,339,300
C00102,Arun Prasad,Male,25,Tiruppur,Tamil Nadu,Gold,2025-02-28,Men,Handloom,Standard,6740,507
C00103,Manoj Raman,Male,35,Karur,Tamil Nadu,Bronze,2023-04-01,Men,Polyester,Premium,954,1206
C00104,Nithya Mohan,Female,43,Kanchipuram,Tamil Nadu,Silver,2023-07-08,Women,Polyester,Standard,1847,1108
C00105,Hari Reddy,Male,49,Kallakurichi,Tamil Nadu,Bronze,2023-03-25,Men,Linen,Standard,639,1213
C00106,Nithya Babu,Female,53,Madurai,Tamil Nadu,Silver,2023-10-29,Women,Linen,Budget,1116,995
C00107,Lakshmi Reddy,Female,48,Coimbatore,Tamil Nadu,Silver,2024-08-27,Women,Linen,Budget,2232,692
C00108,Dinesh Shankar,Male,54,Kanchipuram,Tamil Nadu,Bronze,2023-08-19,Men,Cotton,Budget,510,1066
C00109,Kishore Mohan,Male,28,Trichy,Tamil Nadu,Silver,2024-09-14,Men,Polyester,Standard,2498,674
C00110,Anitha Shankar,Female,26,Hosur,Tamil Nadu,Silver,2023-08-13,Home & Lifestyle,Polyester,Budget,2347,1072
C00111,Ramesh Vel,Male,37,Madurai,Tamil Nadu,Bronze,2024-04-18,Accessories,Handloom,Luxury,654,823
C00112,Meena Shankar,Female,22,Erode,Tamil Nadu,Bronze,2024-11-20,Women,Linen,Premium,619,607
C00113,Naveen Shankar,Male,41,Chennai,Tamil Nadu,Bronze,2025-04-24,Men,Polyester,Standard,946,452
C00114,Nithya Babu,Female,53,Coimbatore,Tamil Nadu,Bronze,2023-09-28,Home & Lifestyle,Cotton,Budget,788,1026
C00115,Keerthana Shankar,Female,28,Erode,Tamil Nadu,Gold,2025-05-26,Women,Linen,Budget,3380,420
C00116,Meena Vel,Female,35,Trichy,Tamil Nadu,Silver,2024-08-04,Women,Polyester,Standard,1169,715
C00117,Deepika Kumar,Female,19,Villupuram,Tamil Nadu,Bronze,2023-05-10,Home & Lifestyle,Cotton,Budget,469,1167
C00118,Sowmya Raj,Female,43,Villupuram,Tamil Nadu,Silver,2023-10-14,Women,Linen,Premium,1468,1010
C00119,Priya Kumar,Female,32,Kanchipuram,Tamil Nadu,Bronze,2023-04-11,Kids,Polyester,Luxury,654,1196
C00120,Gokul Prasad,Male,26,Erode,Tamil Nadu,Silver,2025-06-18,Men,Linen,Premium,1570,397
C00121,Ramesh Raman,Male,20,Tirunelveli,Tamil Nadu,Silver,2023-01-20,Men,Cotton,Budget,2878,1277
C00122,Kishore Raman,Male,22,Erode,Tamil Nadu,Platinum,2023-12-26,Accessories,Linen,Standard,10706,937
C00123,Arun Babu,Male,60,Trichy,Tamil Nadu,Silver,2024-08-07,Men,Polyester,Budget,1241,712
C00124,Anitha Mohan,Female,22,Karur,Tamil Nadu,Bronze,2025-07-22,Women,Handloom,Luxury,853,363
C00125,Praveen Krishnan,Male,44,Villupuram,Tamil Nadu,Bronze,2023-01-22,Men,Cotton,Standard,557,1275
C00126,Sowmya Krishnan,Female,39,Villupuram,Tamil Nadu,Gold,2024-07-14,Kids,Linen,Standard,6640,736
C00127,Aishwarya Raman,Female,25,Chennai,Tamil Nadu,Gold,2024-05-23,Women,Polyester,Premium,6763,788
C00128,Lakshmi Mohan,Female,46,Karur,Tamil Nadu,Silver,2025-08-23,Kids,Linen,Budget,1622,331
C00129,Keerthana Prasad,Female,21,Trichy,Tamil Nadu,Silver,2023-05-31,Women,Linen,Standard,2340,1146
C00130,Swathi Iyer,Female,22,Thanjavur,Tamil Nadu,Bronze,2023-09-27,Women,Polyester,Premium,131,1027
C00131,Lakshmi Vel,Female,26,Madurai,Tamil Nadu,Bronze,2024-08-05,Women,Linen,Standard,857,714
C00132,Gokul Devi,Male,23,Trichy,Tamil Nadu,Bronze,2023-06-19,Accessories,Cotton,Budget,3,1127
C00133,Kavya Murugan,Female,48,Thanjavur,Tamil Nadu,Gold,2025-09-15,Kids,Polyester,Standard,4102,308
C00134,Manoj Vel,Male,61,Kallakurichi,Tamil Nadu,Gold,2024-03-19,Men,Linen,Premium,6229,853
C00135,Sowmya Reddy,Female,65,Trichy,Tamil Nadu,Gold,2023-03-07,Women,Polyester,Budget,6117,1231
C00136,Keerthana Raman,Female,33,Villupuram,Tamil Nadu,Bronze,2025-07-14,Women,Cotton,Budget,446,371
C00137,Meena Shankar,Female,25,Kallakurichi,Tamil Nadu,Bronze,2024-12-11,Kids,Polyester,Standard,564,586
C00138,Vijay Mohan,Male,60,Kanchipuram,Tamil Nadu,Bronze,2024-09-29,Men,Silk,Budget,64,659
C00139,Saravanan Prasad,Male,41,Chennai,Tamil Nadu,Gold,2024-06-29,Accessories,Linen,Budget,5863,751
C00140,Revathi Raj,Female,26,Erode,Tamil Nadu,Silver,2024-08-14,Women,Polyester,Budget,1228,705
C00141,Meena Shankar,Female,43,Madurai,Tamil Nadu,Bronze,2025-03-14,Kids,Cotton,Standard,834,493
C00142,Ramesh Devi,Male,30,Tirunelveli,Tamil Nadu,Silver,2024-07-28,Men,Silk,Premium,1166,722
C00143,Keerthana Prasad,Female,54,Kallakurichi,Tamil Nadu,Bronze,2025-04-21,Women,Cotton,Budget,793,455
C00144,Naveen Krishnan,Male,37,Hosur,Tamil Nadu,Silver,2023-05-23,Men,Silk,Premium,1006,1154
C00145,Revathi Reddy,Female,19,Karur,Tamil Nadu,Gold,2023-04-20,Accessories,Polyester,Budget,6691,1187
C00146,Revathi Reddy,Female,49,Erode,Tamil Nadu,Gold,2023-07-06,Kids,Linen,Standard,3300,1110
C00147,Manoj Reddy,Male,22,Tirunelveli,Tamil Nadu,Bronze,2024-10-02,Men,Silk,Budget,279,656
C00148,Suresh Krishnan,Male,25,Salem,Tamil Nadu,Gold,2023-04-04,Accessories,Silk,Standard,6647,1203
C00149,Manoj Kumar,Male,18,Kanchipuram,Tamil Nadu,Silver,2025-10-12,Men,Cotton,Budget,2463,281
C00150,Ramesh Shankar,Male,52,Hosur,Tamil Nadu,Silver,2024-06-16,Accessories,Polyester,Budget,2615,764
C00151,Pavithra Iyer,Female,52,Trichy,Tamil Nadu,Bronze,2024-11-29,Kids,Silk,Standard,495,598
C00152,Manoj Nathan,Male,25,Villupuram,Tamil Nadu,Silver,2024-02-09,Men,Polyester,Luxury,1107,892
C00153,Anitha Krishnan,Female,60,Kanchipuram,Tamil Nadu,Bronze,2023-11-30,Women,Cotton,Budget,281,963
C00154,Kavya Raman,Female,28,Salem,Tamil Nadu,Bronze,2025-07-20,Accessories,Polyester,Standard,649,365
C00155,Deepika Mohan,Female,55,Tiruppur,Tamil Nadu,Bronze,2025-03-29,Accessories,Cotton,Standard,891,478
C00156,Sowmya Krishnan,Female,31,Villupuram,Tamil Nadu,Silver,2025-06-15,Women,Polyester,Standard,2730,400
C00157,Saravanan Iyer,Male,43,Kanchipuram,Tamil Nadu,Silver,2023-01-03,Men,Cotton,Budget,2422,1294
C00158,Sowmya Selvi,Female,56,Thanjavur,Tamil Nadu,Bronze,2024-06-26,Home & Lifestyle,Silk,Standard,220,754
C00159,Suresh Vel,Male,47,Hosur,Tamil Nadu,Silver,2023-09-11,Men,Cotton,Luxury,1208,1043
C00160,Manoj Selvi,Male,54,Trichy,Tamil Nadu,Gold,2023-04-11,Men,Polyester,Standard,4429,1196
C00161,Naveen Raj,Male,58,Thanjavur,Tamil Nadu,Bronze,2023-09-03,Men,Silk,Luxury,36,1051
C00162,Keerthana Raman,Female,55,Villupuram,Tamil Nadu,Silver,2024-12-16,Women,Silk,Budget,2269,581
C00163,Kavya Vel,Female,40,Hosur,Tamil Nadu,Bronze,2024-01-12,Women,Handloom,Standard,251,920
C00164,Ajith Prasad,Male,28,Tiruppur,Tamil Nadu,Silver,2023-09-25,Home & Lifestyle,Handloom,Premium,2749,1029
C00165,Pavithra Krishnan,Female,59,Chennai,Tamil Nadu,Silver,2023-11-04,Women,Cotton,Standard,1188,989
C00166,Gokul Iyer,Male,54,Tiruppur,Tamil Nadu,Bronze,2024-07-01,Men,Linen,Luxury,831,749
C00167,Manoj Devi,Male,52,Hosur,Tamil Nadu,Bronze,2024-11-21,Men,Linen,Budget,922,606
C00168,Deepika Selvi,Female,44,Tiruppur,Tamil Nadu,Bronze,2025-02-14,Kids,Handloom,Premium,949,521
C00169,Praveen Murugan,Male,47,Villupuram,Tamil Nadu,Gold,2025-08-18,Accessories,Linen,Standard,4996,336
C00170,Saravanan Iyer,Male,25,Erode,Tamil Nadu,Gold,2023-08-11,Men,Silk,Standard,6346,1074
C00171,Sowmya Vel,Female,19,Hosur,Tamil Nadu,Gold,2023-02-13,Accessories,Cotton,Premium,5750,1253
C00172,Pavithra Selvi,Female,44,Coimbatore,Tamil Nadu,Silver,2025-08-27,Kids,Polyester,Budget,2630,327
C00173,Suresh Babu,Male,53,Erode,Tamil Nadu,Bronze,2024-06-21,Men,Handloom,Premium,711,759
C00174,Vijay Vel,Male,44,Erode,Tamil Nadu,Bronze,2025-10-03,Home & Lifestyle,Handloom,Budget,810,290
C00175,Revathi Vel,Female,59,Kanchipuram,Tamil Nadu,Bronze,2025-07-31,Home & Lifestyle,Cotton,Standard,204,354
C00176,Divya Reddy,Female,63,Kanchipuram,Tamil Nadu,Gold,2023-06-20,Accessories,Silk,Standard,3620,1126
C00177,Gokul Iyer,Male,30,Kanchipuram,Tamil Nadu,Bronze,2023-12-30,Men,Polyester,Budget,233,933
C00178,Manoj Iyer,Male,31,Tirunelveli,Tamil Nadu,Bronze,2023-10-28,Home & Lifestyle,Linen,Budget,915,996
C00179,Praveen Murugan,Male,50,Trichy,Tamil Nadu,Bronze,2024-07-06,Accessories,Handloom,Budget,420,744
C00180,Deepika Murugan,Female,63,Kallakurichi,Tamil Nadu,Silver,2024-11-18,Accessories,Linen,Standard,1178,609
C00181,Sowmya Raj,Female,39,Hosur,Tamil Nadu,Silver,2024-09-17,Accessories,Polyester,Standard,2177,671
C00182,Revathi Nathan,Female,42,Chennai,Tamil Nadu,Silver,2025-04-30,Home & Lifestyle,Cotton,Budget,1515,446
C00183,Rahul Shankar,Male,22,Coimbatore,Tamil Nadu,Bronze,2023-05-12,Men,Polyester,Budget,700,1165
C00184,Saravanan Mohan,Male,21,Madurai,Tamil Nadu,Gold,2024-07-10,Men,Polyester,Standard,3480,740
C00185,Vijay Iyer,Male,42,Tirunelveli,Tamil Nadu,Bronze,2025-09-11,Accessories,Polyester,Budget,917,312
C00186,Aishwarya Vel,Female,59,Coimbatore,Tamil Nadu,Silver,2023-12-19,Women,Linen,Budget,1983,944
C00187,Kavya Raman,Female,26,Thanjavur,Tamil Nadu,Bronze,2025-12-22,Women,Cotton,Budget,954,210
C00188,Lakshmi Selvi,Female,58,Tiruppur,Tamil Nadu,Silver,2025-03-09,Home & Lifestyle,Polyester,Budget,1911,498
C00189,Manoj Mohan,Male,42,Erode,Tamil Nadu,Gold,2024-01-17,Men,Polyester,Standard,3553,915
C00190,Priya Selvi,Female,52,Tiruppur,Tamil Nadu,Bronze,2024-03-08,Women,Handloom,Standard,519,864
C00191,Keerthana Mohan,Female,64,Kanchipuram,Tamil Nadu,Silver,2023-06-26,Women,Silk,Standard,1122,1120
C00192,Ajith Murugan,Male,27,Erode,Tamil Nadu,Bronze,2024-06-12,Men,Cotton,Premium,228,768
C00193,Ramesh Iyer,Male,23,Kanchipuram,Tamil Nadu,Bronze,2024-07-31,Men,Silk,Standard,438,719
C00194,Kavya Nathan,Female,58,Trichy,Tamil Nadu,Silver,2025-08-10,Women,Handloom,Standard,1025,344
C00195,Hari Raj,Male,35,Madurai,Tamil Nadu,Platinum,2024-11-29,Men,Cotton,Premium,11284,598
C00196,Lakshmi Vel,Female,28,Salem,Tamil Nadu,Bronze,2025-01-12,Women,Cotton,Budget,281,554
C00197,Aishwarya Kumar,Female,27,Hosur,Tamil Nadu,Bronze,2023-11-02,Women,Handloom,Budget,787,991
C00198,Manoj Selvi,Male,34,Kallakurichi,Tamil Nadu,Bronze,2025-09-14,Men,Polyester,Premium,985,309
C00199,Pavithra Kumar,Female,33,Kallakurichi,Tamil Nadu,Bronze,2023-10-22,Women,Handloom,Standard,188,1002
C00200,Naveen Reddy,Male,59,Coimbatore,Tamil Nadu,Bronze,2025-01-22,Men,Cotton,Budget,779,544
C00201,Nithya Selvi,Female,29,Thanjavur,Tamil Nadu,Bronze,2024-09-25,Home & Lifestyle,Handloom,Budget,772,663
C00202,Harini Raj,Female,23,Erode,Tamil Nadu,Bronze,2023-10-12,Women,Polyester,Standard,532,1012
C00203,Vijay Babu,Male,33,Karur,Tamil Nadu,Bronze,2023-10-12,Home & Lifestyle,Handloom,Budget,342,1012
C00204,Anitha Raj,Female,54,Tirunelveli,Tamil Nadu,Bronze,2025-08-09,Home & Lifestyle,Cotton,Standard,906,345
C00205,Pavithra Mohan,Female,64,Kanchipuram,Tamil Nadu,Bronze,2023-10-27,Accessories,Silk,Premium,80,997
C00206,Anitha Murugan,Female,45,Karur,Tamil Nadu,Bronze,2024-06-07,Women,Cotton,Premium,731,773
C00207,Ajith Shankar,Male,22,Trichy,Tamil Nadu,Gold,2023-09-11,Men,Linen,Standard,5204,1043
C00208,Gokul Kumar,Male,23,Villupuram,Tamil Nadu,Bronze,2024-12-11,Home & Lifestyle,Handloom,Premium,739,586
C00209,Divya Babu,Female,23,Kanchipuram,Tamil Nadu,Platinum,2024-10-23,Home & Lifestyle,Polyester,Premium,8721,635
C00210,Manoj Prasad,Male,62,Tirunelveli,Tamil Nadu,Silver,2023-04-25,Men,Silk,Standard,2119,1182
C00211,Hari Selvi,Male,32,Tirunelveli,Tamil Nadu,Bronze,2025-07-10,Men,Handloom,Premium,751,375
C00212,Saravanan Devi,Male,58,Coimbatore,Tamil Nadu,Bronze,2023-03-27,Accessories,Silk,Luxury,145,1211
C00213,Nithya Krishnan,Female,56,Coimbatore,Tamil Nadu,Bronze,2023-04-30,Kids,Linen,Budget,877,1177
C00214,Manoj Mohan,Male,63,Villupuram,Tamil Nadu,Bronze,2023-07-16,Men,Linen,Budget,798,1100
C00215,Harini Iyer,Female,45,Karur,Tamil Nadu,Bronze,2025-05-12,Women,Handloom,Standard,165,434
C00216,Revathi Krishnan,Female,46,Kallakurichi,Tamil Nadu,Bronze,2024-09-10,Kids,Cotton,Standard,51,678
C00217,Priya Selvi,Female,23,Coimbatore,Tamil Nadu,Gold,2023-12-20,Women,Linen,Budget,4673,943
C00218,Sowmya Krishnan,Female,23,Vellore,Tamil Nadu,Bronze,2025-10-21,Women,Cotton,Standard,535,272
C00219,Harini Shankar,Female,33,Erode,Tamil Nadu,Bronze,2023-01-19,Women,Handloom,Premium,552,1278
C00220,Arun Iyer,Male,45,Salem,Tamil Nadu,Bronze,2023-03-15,Accessories,Linen,Standard,128,1223
C00221,Vijay Reddy,Male,27,Tiruppur,Tamil Nadu,Gold,2023-03-23,Men,Linen,Premium,3959,1215
C00222,Deepika Krishnan,Female,20,Thanjavur,Tamil Nadu,Gold,2023-04-07,Women,Polyester,Standard,5874,1200
C00223,Praveen Selvi,Male,64,Villupuram,Tamil Nadu,Bronze,2025-10-04,Accessories,Polyester,Standard,494,289
C00224,Suresh Reddy,Male,44,Villupuram,Tamil Nadu,Gold,2024-12-31,Accessories,Polyester,Budget,3220,566
C00225,Anitha Devi,Female,51,Tiruppur,Tamil Nadu,Bronze,2024-07-15,Women,Silk,Premium,770,735
C00226,Lakshmi Iyer,Female,51,Hosur,Tamil Nadu,Silver,2025-02-09,Women,Handloom,Budget,2646,526
C00227,Nithya Nathan,Female,20,Hosur,Tamil Nadu,Bronze,2023-12-23,Home & Lifestyle,Silk,Standard,340,940
C00228,Kavya Mohan,Female,36,Thanjavur,Tamil Nadu,Bronze,2025-06-09,Accessories,Silk,Budget,613,406
C00229,Anitha Babu,Female,54,Tirunelveli,Tamil Nadu,Bronze,2024-04-30,Women,Cotton,Standard,765,811
C00230,Deepika Krishnan,Female,54,Salem,Tamil Nadu,Silver,2024-02-01,Kids,Cotton,Standard,1790,900
C00231,Karthik Devi,Male,46,Kallakurichi,Tamil Nadu,Bronze,2023-07-10,Men,Linen,Standard,534,1106
C00232,Swathi Selvi,Female,42,Kallakurichi,Tamil Nadu,Bronze,2024-03-07,Women,Cotton,Budget,914,865
C00233,Dinesh Vel,Male,43,Thanjavur,Tamil Nadu,Bronze,2025-02-27,Men,Cotton,Standard,539,508
C00234,Praveen Murugan,Male,51,Thanjavur,Tamil Nadu,Bronze,2025-01-22,Men,Polyester,Luxury,567,544
C00235,Kishore Vel,Male,40,Salem,Tamil Nadu,Bronze,2024-09-27,Men,Handloom,Budget,832,661
C00236,Karthik Devi,Male,62,Villupuram,Tamil Nadu,Gold,2025-02-18,Men,Cotton,Standard,5510,517
C00237,Revathi Krishnan,Female,31,Tiruppur,Tamil Nadu,Silver,2024-02-08,Women,Linen,Premium,1763,893
C00238,Meena Krishnan,Female,37,Kanchipuram,Tamil Nadu,Silver,2023-10-22,Women,Linen,Premium,2640,1002
C00239,Sowmya Devi,Female,30,Tirunelveli,Tamil Nadu,Silver,2025-08-21,Accessories,Cotton,Standard,2055,333
C00240,Naveen Vel,Male,57,Karur,Tamil Nadu,Silver,2024-11-09,Men,Silk,Budget,2358,618
C00241,Rahul Selvi,Male,46,Karur,Tamil Nadu,Bronze,2024-06-04,Men,Handloom,Premium,595,776
C00242,Anitha Nathan,Female,61,Coimbatore,Tamil Nadu,Bronze,2025-08-28,Home & Lifestyle,Cotton,Standard,520,326
C00243,Naveen Nathan,Male,23,Thanjavur,Tamil Nadu,Gold,2025-06-10,Men,Cotton,Standard,6745,405
C00244,Sowmya Shankar,Female,53,Trichy,Tamil Nadu,Bronze,2024-04-23,Women,Silk,Luxury,169,818
C00245,Rahul Selvi,Male,26,Madurai,Tamil Nadu,Silver,2023-05-08,Men,Linen,Budget,2869,1169
C00246,Karthik Nathan,Male,19,Coimbatore,Tamil Nadu,Silver,2024-12-10,Men,Silk,Budget,1455,587
C00247,Dinesh Mohan,Male,44,Karur,Tamil Nadu,Silver,2023-08-06,Home & Lifestyle,Linen,Standard,2431,1079
C00248,Divya Raj,Female,53,Madurai,Tamil Nadu,Bronze,2025-04-15,Kids,Polyester,Standard,875,461
C00249,Gokul Shankar,Male,18,Trichy,Tamil Nadu,Bronze,2025-01-08,Accessories,Cotton,Budget,350,558
C00250,Pavithra Vel,Female,28,Tiruppur,Tamil Nadu,Silver,2024-09-19,Women,Cotton,Budget,2090,669
C00251,Pavithra Vel,Female,61,Madurai,Tamil Nadu,Bronze,2023-12-07,Women,Silk,Standard,41,956
C00252,Suresh Reddy,Male,48,Hosur,Tamil Nadu,Bronze,2024-09-23,Men,Cotton,Standard,314,665
C00253,Kavya Reddy,Female,39,Chennai,Tamil Nadu,Bronze,2024-05-29,Women,Linen,Standard,383,782
C00254,Vijay Babu,Male,33,Villupuram,Tamil Nadu,Silver,2024-07-05,Men,Cotton,Budget,1998,745
C00255,Suresh Nathan,Male,61,Thanjavur,Tamil Nadu,Bronze,2023-04-14,Accessories,Silk,Budget,325,1193
C00256,Sowmya Krishnan,Female,58,Karur,Tamil Nadu,Bronze,2024-02-01,Women,Polyester,Budget,834,900
C00257,Sowmya Nathan,Female,65,Coimbatore,Tamil Nadu,Bronze,2024-04-04,Accessories,Cotton,Budget,1,837
C00258,Dinesh Raj,Male,60,Chennai,Tamil Nadu,Bronze,2023-12-30,Men,Linen,Budget,787,933
C00259,Karthik Mohan,Male,47,Karur,Tamil Nadu,Gold,2025-01-05,Men,Polyester,Standard,6573,561
C00260,Karthik Devi,Male,52,Madurai,Tamil Nadu,Bronze,2024-07-07,Men,Silk,Budget,502,743
C00261,Aishwarya Iyer,Female,56,Erode,Tamil Nadu,Silver,2025-06-18,Women,Polyester,Standard,1504,397
C00262,Vijay Nathan,Male,29,Erode,Tamil Nadu,Silver,2023-08-19,Men,Polyester,Standard,2630,1066
C00263,Harini Reddy,Female,47,Salem,Tamil Nadu,Silver,2024-09-17,Kids,Linen,Budget,1800,671
C00264,Saravanan Krishnan,Male,51,Madurai,Tamil Nadu,Bronze,2025-05-31,Accessories,Cotton,Premium,556,415
C00265,Meena Devi,Female,50,Madurai,Tamil Nadu,Silver,2023-02-28,Home & Lifestyle,Silk,Premium,1012,1238
C00266,Vijay Krishnan,Male,48,Hosur,Tamil Nadu,Bronze,2023-08-29,Men,Cotton,Premium,400,1056
C00267,Meena Babu,Female,18,Kanchipuram,Tamil Nadu,Bronze,2023-06-19,Home & Lifestyle,Linen,Standard,959,1127
C00268,Hari Devi,Male,36,Erode,Tamil Nadu,Bronze,2024-05-16,Men,Linen,Budget,411,795
C00269,Manoj Reddy,Male,61,Madurai,Tamil Nadu,Gold,2025-08-26,Accessories,Polyester,Budget,4712,328
C00270,Keerthana Nathan,Female,31,Salem,Tamil Nadu,Bronze,2025-12-05,Women,Silk,Budget,79,227
C00271,Suresh Raman,Male,33,Kallakurichi,Tamil Nadu,Bronze,2023-04-18,Men,Cotton,Standard,141,1189
C00272,Meena Selvi,Female,32,Chennai,Tamil Nadu,Bronze,2024-03-01,Kids,Polyester,Standard,592,871
C00273,Arun Devi,Male,34,Tirunelveli,Tamil Nadu,Bronze,2024-09-29,Home & Lifestyle,Polyester,Budget,99,659
C00274,Praveen Selvi,Male,23,Salem,Tamil Nadu,Bronze,2024-11-15,Men,Silk,Standard,909,612
C00275,Karthik Vel,Male,62,Kanchipuram,Tamil Nadu,Silver,2024-02-08,Men,Handloom,Standard,2056,893
C00276,Rahul Murugan,Male,50,Kallakurichi,Tamil Nadu,Gold,2025-10-26,Men,Handloom,Premium,6594,267
C00277,Naveen Raj,Male,41,Tiruppur,Tamil Nadu,Silver,2025-02-27,Accessories,Silk,Standard,1724,508
C00278,Aishwarya Nathan,Female,18,Trichy,Tamil Nadu,Silver,2023-09-24,Women,Linen,Standard,2919,1030
C00279,Praveen Vel,Male,60,Vellore,Tamil Nadu,Bronze,2025-06-17,Men,Silk,Budget,657,398
C00280,Revathi Mohan,Female,52,Tiruppur,Tamil Nadu,Bronze,2023-04-10,Women,Cotton,Standard,815,1197
C00281,Manoj Vel,Male,54,Vellore,Tamil Nadu,Silver,2024-08-12,Men,Cotton,Luxury,1783,707
C00282,Revathi Iyer,Female,42,Kallakurichi,Tamil Nadu,Silver,2023-08-10,Women,Silk,Budget,2775,1075
C00283,Kishore Shankar,Male,28,Hosur,Tamil Nadu,Silver,2025-07-17,Men,Silk,Premium,2766,368
C00284,Revathi Kumar,Female,49,Karur,Tamil Nadu,Silver,2024-01-27,Home & Lifestyle,Polyester,Budget,2000,905
C00285,Naveen Devi,Male,55,Karur,Tamil Nadu,Bronze,2025-06-14,Men,Cotton,Standard,617,401
C00286,Divya Krishnan,Female,24,Kanchipuram,Tamil Nadu,Bronze,2023-05-17,Women,Silk,Budget,995,1160
C00287,Divya Mohan,Female,47,Salem,Tamil Nadu,Bronze,2024-02-28,Women,Cotton,Standard,364,873
C00288,Gokul Mohan,Male,61,Tiruppur,Tamil Nadu,Bronze,2023-09-05,Men,Handloom,Standard,970,1049
C00289,Harini Vel,Female,38,Tiruppur,Tamil Nadu,Bronze,2025-09-19,Women,Polyester,Budget,481,304
C00290,Priya Vel,Female,50,Erode,Tamil Nadu,Gold,2024-08-28,Women,Cotton,Budget,4610,691
C00291,Dinesh Vel,Male,32,Karur,Tamil Nadu,Bronze,2023-10-21,Home & Lifestyle,Cotton,Standard,57,1003
C00292,Praveen Shankar,Male,23,Erode,Tamil Nadu,Bronze,2024-09-24,Men,Silk,Budget,626,664
C00293,Sowmya Reddy,Female,40,Tiruppur,Tamil Nadu,Bronze,2025-02-05,Kids,Polyester,Premium,323,530
C00294,Nithya Krishnan,Female,37,Trichy,Tamil Nadu,Platinum,2025-11-03,Women,Polyester,Premium,8480,259
C00295,Deepika Raj,Female,19,Madurai,Tamil Nadu,Bronze,2023-05-06,Women,Handloom,Standard,364,1171
C00296,Karthik Devi,Male,32,Salem,Tamil Nadu,Platinum,2023-09-20,Men,Polyester,Budget,11032,1034
C00297,Ajith Devi,Male,25,Vellore,Tamil Nadu,Gold,2024-12-01,Men,Cotton,Budget,4949,596
C00298,Vijay Vel,Male,25,Villupuram,Tamil Nadu,Gold,2023-12-23,Men,Linen,Premium,5243,940
C00299,Revathi Nathan,Female,63,Madurai,Tamil Nadu,Gold,2024-07-19,Women,Silk,Budget,6324,731
C00300,Hari Babu,Male,19,Coimbatore,Tamil Nadu,Bronze,2024-04-15,Accessories,Linen,Standard,505,826
C00301,Dinesh Devi,Male,65,Coimbatore,Tamil Nadu,Bronze,2024-03-28,Men,Silk,Budget,158,844
C00302,Ajith Selvi,Male,32,Vellore,Tamil Nadu,Gold,2025-08-01,Men,Polyester,Budget,5696,353
C00303,Priya Krishnan,Female,55,Kallakurichi,Tamil Nadu,Bronze,2023-11-02,Women,Linen,Standard,531,991
C00304,Harini Kumar,Female,47,Karur,Tamil Nadu,Bronze,2025-02-15,Accessories,Handloom,Standard,963,520
C00305,Keerthana Mohan,Female,20,Hosur,Tamil Nadu,Bronze,2023-01-29,Women,Linen,Budget,841,1268
C00306,Naveen Shankar,Male,27,Coimbatore,Tamil Nadu,Bronze,2025-11-30,Accessories,Polyester,Premium,752,232
C00307,Kishore Devi,Male,30,Coimbatore,Tamil Nadu,Silver,2023-11-06,Men,Silk,Budget,1071,987
C00308,Nithya Shankar,Female,44,Karur,Tamil Nadu,Bronze,2025-11-24,Kids,Handloom,Premium,66,238
C00309,Arun Reddy,Male,33,Kanchipuram,Tamil Nadu,Bronze,2025-04-28,Men,Cotton,Budget,522,448
C00310,Lakshmi Mohan,Female,58,Kallakurichi,Tamil Nadu,Silver,2024-12-22,Women,Polyester,Premium,2403,575
C00311,Lakshmi Nathan,Female,65,Trichy,Tamil Nadu,Silver,2024-03-18,Women,Silk,Standard,2761,854
C00312,Kishore Kumar,Male,62,Coimbatore,Tamil Nadu,Gold,2025-07-02,Men,Handloom,Premium,4599,383
C00313,Deepika Selvi,Female,65,Chennai,Tamil Nadu,Silver,2025-09-13,Kids,Silk,Standard,1739,310
C00314,Naveen Krishnan,Male,54,Vellore,Tamil Nadu,Platinum,2025-12-11,Men,Linen,Premium,7199,221
C00315,Revathi Selvi,Female,40,Villupuram,Tamil Nadu,Platinum,2023-03-31,Kids,Cotton,Luxury,10157,1207
C00316,Harini Mohan,Female,39,Erode,Tamil Nadu,Platinum,2023-02-27,Women,Cotton,Budget,12945,1239
C00317,Divya Nathan,Female,40,Tiruppur,Tamil Nadu,Bronze,2025-02-03,Women,Handloom,Budget,29,532
C00318,Lakshmi Selvi,Female,30,Madurai,Tamil Nadu,Platinum,2023-08-30,Women,Linen,Standard,11219,1055
C00319,Suresh Selvi,Male,52,Kanchipuram,Tamil Nadu,Bronze,2025-05-11,Men,Handloom,Budget,52,435
C00320,Harini Mohan,Female,59,Erode,Tamil Nadu,Bronze,2024-07-15,Women,Cotton,Budget,712,735
C00321,Ramesh Kumar,Male,39,Kanchipuram,Tamil Nadu,Bronze,2024-05-08,Men,Handloom,Premium,228,803
C00322,Vijay Nathan,Male,45,Hosur,Tamil Nadu,Platinum,2024-10-01,Men,Cotton,Premium,10040,657
C00323,Pavithra Mohan,Female,43,Hosur,Tamil Nadu,Bronze,2025-07-26,Women,Linen,Standard,726,359
C00324,Suresh Vel,Male,31,Kallakurichi,Tamil Nadu,Silver,2023-11-14,Men,Cotton,Budget,1524,979
C00325,Ramesh Prasad,Male,59,Salem,Tamil Nadu,Gold,2024-04-01,Men,Cotton,Standard,6931,840
C00326,Kavya Vel,Female,53,Salem,Tamil Nadu,Bronze,2023-12-27,Kids,Polyester,Standard,590,936
C00327,Saravanan Krishnan,Male,33,Hosur,Tamil Nadu,Gold,2025-01-16,Men,Handloom,Standard,4762,550
C00328,Aishwarya Krishnan,Female,34,Tirunelveli,Tamil Nadu,Silver,2023-03-13,Kids,Polyester,Budget,1197,1225
C00329,Kishore Raman,Male,27,Kallakurichi,Tamil Nadu,Bronze,2025-11-20,Men,Cotton,Standard,181,242
C00330,Kishore Murugan,Male,21,Tirunelveli,Tamil Nadu,Bronze,2023-12-04,Accessories,Cotton,Premium,125,959
C00331,Ramesh Prasad,Male,30,Tiruppur,Tamil Nadu,Bronze,2023-02-26,Men,Handloom,Premium,209,1240
C00332,Arun Raj,Male,47,Salem,Tamil Nadu,Bronze,2025-06-03,Men,Cotton,Budget,711,412
C00333,Hari Selvi,Male,35,Trichy,Tamil Nadu,Bronze,2024-12-26,Men,Polyester,Luxury,328,571
C00334,Anitha Kumar,Female,32,Trichy,Tamil Nadu,Gold,2025-08-23,Women,Handloom,Budget,5750,331
C00335,Sowmya Selvi,Female,23,Vellore,Tamil Nadu,Platinum,2023-05-06,Women,Linen,Standard,8300,1171
C00336,Rahul Mohan,Male,26,Vellore,Tamil Nadu,Gold,2023-10-04,Men,Handloom,Budget,4841,1020
C00337,Revathi Krishnan,Female,19,Vellore,Tamil Nadu,Bronze,2024-11-04,Women,Polyester,Budget,758,623
C00338,Keerthana Raman,Female,49,Hosur,Tamil Nadu,Silver,2024-01-25,Accessories,Silk,Budget,1947,907
C00339,Harini Vel,Female,64,Kallakurichi,Tamil Nadu,Bronze,2025-11-16,Kids,Handloom,Standard,986,246
C00340,Pavithra Mohan,Female,38,Karur,Tamil Nadu,Silver,2025-03-22,Women,Cotton,Budget,2598,485
C00341,Suresh Krishnan,Male,61,Hosur,Tamil Nadu,Silver,2024-07-27,Men,Linen,Budget,2746,723
C00342,Harini Raman,Female,34,Salem,Tamil Nadu,Bronze,2025-10-15,Kids,Polyester,Premium,262,278
C00343,Dinesh Prasad,Male,49,Tirunelveli,Tamil Nadu,Bronze,2023-11-18,Men,Cotton,Budget,994,975
C00344,Arun Babu,Male,40,Tirunelveli,Tamil Nadu,Silver,2023-03-17,Men,Silk,Standard,2544,1221
C00345,Ramesh Raman,Male,65,Hosur,Tamil Nadu,Bronze,2025-02-04,Men,Handloom,Standard,353,531
C00346,Aishwarya Reddy,Female,33,Villupuram,Tamil Nadu,Silver,2024-06-13,Women,Cotton,Standard,1214,767
C00347,Vijay Nathan,Male,63,Chennai,Tamil Nadu,Bronze,2024-12-26,Accessories,Polyester,Standard,981,571
C00348,Vijay Murugan,Male,56,Tirunelveli,Tamil Nadu,Platinum,2024-11-06,Home & Lifestyle,Handloom,Standard,8616,621
C00349,Sowmya Raman,Female,30,Chennai,Tamil Nadu,Bronze,2025-08-07,Accessories,Cotton,Budget,865,347
C00350,Kishore Krishnan,Male,65,Chennai,Tamil Nadu,Bronze,2025-08-29,Men,Polyester,Luxury,495,325
C00351,Keerthana Devi,Female,26,Hosur,Tamil Nadu,Gold,2023-10-13,Women,Silk,Standard,6485,1011
C00352,Meena Murugan,Female,28,Vellore,Tamil Nadu,Bronze,2025-09-02,Women,Cotton,Standard,696,321
C00353,Kavya Selvi,Female,33,Erode,Tamil Nadu,Silver,2024-01-11,Women,Silk,Budget,2374,921
C00354,Arun Iyer,Male,29,Vellore,Tamil Nadu,Gold,2025-03-04,Men,Cotton,Budget,4826,503
C00355,Ramesh Mohan,Male,58,Vellore,Tamil Nadu,Bronze,2025-10-26,Accessories,Polyester,Budget,745,267
C00356,Swathi Mohan,Female,34,Hosur,Tamil Nadu,Gold,2024-10-23,Women,Polyester,Standard,3445,635
C00357,Divya Babu,Female,65,Hosur,Tamil Nadu,Bronze,2023-08-17,Women,Handloom,Standard,331,1068
C00358,Rahul Devi,Male,59,Erode,Tamil Nadu,Silver,2024-08-13,Men,Silk,Premium,1659,706
C00359,Dinesh Reddy,Male,35,Madurai,Tamil Nadu,Silver,2023-11-11,Men,Silk,Standard,2523,982
C00360,Arun Raman,Male,41,Kanchipuram,Tamil Nadu,Gold,2023-06-15,Home & Lifestyle,Handloom,Standard,6420,1131
C00361,Dinesh Selvi,Male,24,Coimbatore,Tamil Nadu,Bronze,2024-03-29,Men,Handloom,Budget,906,843
C00362,Hari Raman,Male,48,Hosur,Tamil Nadu,Silver,2024-03-23,Men,Silk,Premium,1156,849
C00363,Divya Iyer,Female,64,Karur,Tamil Nadu,Platinum,2024-01-08,Women,Cotton,Standard,12933,924
C00364,Pavithra Raj,Female,47,Erode,Tamil Nadu,Gold,2023-03-26,Women,Linen,Budget,3947,1212
C00365,Nithya Prasad,Female,29,Tirunelveli,Tamil Nadu,Bronze,2024-06-13,Women,Handloom,Standard,794,767
C00366,Ramesh Kumar,Male,55,Vellore,Tamil Nadu,Silver,2023-12-15,Men,Linen,Luxury,1716,948
C00367,Rahul Reddy,Male,29,Kallakurichi,Tamil Nadu,Silver,2023-05-21,Home & Lifestyle,Handloom,Budget,1594,1156
C00368,Manoj Kumar,Male,57,Chennai,Tamil Nadu,Bronze,2023-06-18,Home & Lifestyle,Silk,Budget,182,1128
C00369,Anitha Raman,Female,53,Hosur,Tamil Nadu,Silver,2023-03-08,Kids,Linen,Standard,2669,1230
C00370,Nithya Nathan,Female,23,Karur,Tamil Nadu,Gold,2025-06-23,Women,Silk,Budget,6613,392
C00371,Hari Selvi,Male,33,Kallakurichi,Tamil Nadu,Silver,2025-06-25,Accessories,Polyester,Budget,1129,390
C00372,Suresh Raman,Male,64,Kallakurichi,Tamil Nadu,Bronze,2025-05-03,Men,Handloom,Standard,224,443
C00373,Rahul Iyer,Male,53,Thanjavur,Tamil Nadu,Bronze,2025-09-09,Men,Cotton,Standard,75,314
C00374,Sowmya Kumar,Female,52,Salem,Tamil Nadu,Silver,2025-08-08,Accessories,Silk,Budget,1509,346
C00375,Kishore Shankar,Male,29,Erode,Tamil Nadu,Bronze,2025-01-03,Men,Cotton,Premium,402,563
C00376,Aishwarya Vel,Female,60,Madurai,Tamil Nadu,Silver,2024-07-04,Kids,Polyester,Standard,2764,746
C00377,Dinesh Shankar,Male,57,Tirunelveli,Tamil Nadu,Bronze,2024-04-16,Men,Cotton,Budget,954,825
C00378,Manoj Prasad,Male,37,Kallakurichi,Tamil Nadu,Bronze,2024-07-11,Men,Linen,Standard,475,739
C00379,Divya Nathan,Female,26,Tirunelveli,Tamil Nadu,Silver,2025-09-01,Women,Polyester,Standard,2211,322
C00380,Revathi Devi,Female,62,Hosur,Tamil Nadu,Silver,2023-09-28,Kids,Cotton,Premium,2390,1026
C00381,Pavithra Vel,Female,18,Hosur,Tamil Nadu,Bronze,2024-07-24,Women,Handloom,Premium,8,726
C00382,Sowmya Vel,Female,65,Trichy,Tamil Nadu,Bronze,2024-12-03,Women,Cotton,Budget,770,594
C00383,Suresh Reddy,Male,47,Thanjavur,Tamil Nadu,Bronze,2025-03-23,Accessories,Linen,Standard,930,484
C00384,Praveen Iyer,Male,52,Chennai,Tamil Nadu,Bronze,2025-05-28,Men,Polyester,Budget,964,418
C00385,Anitha Kumar,Female,44,Villupuram,Tamil Nadu,Silver,2024-08-05,Women,Handloom,Standard,1577,714
C00386,Rahul Kumar,Male,36,Salem,Tamil Nadu,Bronze,2024-02-10,Men,Handloom,Standard,744,891
C00387,Rahul Shankar,Male,29,Villupuram,Tamil Nadu,Gold,2024-03-23,Men,Linen,Standard,4265,849
C00388,Suresh Devi,Male,54,Kanchipuram,Tamil Nadu,Bronze,2024-09-10,Home & Lifestyle,Cotton,Budget,175,678
C00389,Swathi Mohan,Female,39,Chennai,Tamil Nadu,Bronze,2023-11-03,Women,Polyester,Budget,520,990
C00390,Nithya Prasad,Female,48,Kanchipuram,Tamil Nadu,Silver,2023-12-20,Women,Handloom,Budget,1342,943
C00391,Karthik Prasad,Male,47,Tirunelveli,Tamil Nadu,Bronze,2025-06-16,Accessories,Linen,Luxury,769,399
C00392,Aishwarya Shankar,Female,54,Villupuram,Tamil Nadu,Bronze,2023-09-15,Accessories,Silk,Budget,580,1039
C00393,Deepika Selvi,Female,24,Karur,Tamil Nadu,Bronze,2023-11-20,Women,Handloom,Standard,357,973
C00394,Arun Selvi,Male,65,Coimbatore,Tamil Nadu,Bronze,2024-07-16,Home & Lifestyle,Polyester,Standard,382,734
C00395,Harini Raman,Female,44,Erode,Tamil Nadu,Bronze,2025-06-09,Women,Polyester,Standard,883,406
C00396,Keerthana Nathan,Female,34,Erode,Tamil Nadu,Bronze,2024-02-02,Women,Polyester,Budget,917,899
C00397,Karthik Babu,Male,31,Vellore,Tamil Nadu,Bronze,2025-01-01,Men,Cotton,Standard,305,565
C00398,Nithya Selvi,Female,54,Tiruppur,Tamil Nadu,Bronze,2024-01-15,Accessories,Silk,Premium,107,917
C00399,Swathi Babu,Female,40,Chennai,Tamil Nadu,Bronze,2024-12-24,Women,Polyester,Budget,252,573
C00400,Meena Babu,Female,23,Tiruppur,Tamil Nadu,Silver,2023-11-09,Home & Lifestyle,Linen,Premium,1051,984
C00401,Suresh Vel,Male,40,Coimbatore,Tamil Nadu,Silver,2024-01-06,Men,Polyester,Premium,1390,926
C00402,Saravanan Kumar,Male,50,Trichy,Tamil Nadu,Bronze,2025-08-07,Men,Silk,Premium,717,347
C00403,Sowmya Murugan,Female,60,Erode,Tamil Nadu,Bronze,2023-02-18,Home & Lifestyle,Cotton,Standard,417,1248
C00404,Aishwarya Vel,Female,34,Tiruppur,Tamil Nadu,Silver,2023-06-29,Kids,Polyester,Budget,2748,1117
C00405,Manoj Vel,Male,24,Kanchipuram,Tamil Nadu,Silver,2023-03-16,Men,Handloom,Budget,2351,1222
C00406,Praveen Iyer,Male,60,Tirunelveli,Tamil Nadu,Gold,2023-09-29,Men,Cotton,Standard,3011,1025
C00407,Aishwarya Kumar,Female,64,Chennai,Tamil Nadu,Gold,2025-10-18,Women,Handloom,Budget,6639,275
C00408,Ramesh Prasad,Male,37,Thanjavur,Tamil Nadu,Silver,2023-12-13,Men,Linen,Budget,1679,950
C00409,Lakshmi Selvi,Female,18,Kanchipuram,Tamil Nadu,Bronze,2025-02-09,Women,Cotton,Standard,485,526
C00410,Revathi Raj,Female,47,Thanjavur,Tamil Nadu,Bronze,2024-12-24,Accessories,Linen,Standard,751,573
C00411,Suresh Krishnan,Male,48,Trichy,Tamil Nadu,Silver,2024-03-16,Men,Cotton,Standard,1917,856
C00412,Ramesh Krishnan,Male,34,Villupuram,Tamil Nadu,Bronze,2023-01-21,Accessories,Linen,Budget,380,1276
C00413,Kishore Raj,Male,58,Karur,Tamil Nadu,Silver,2024-05-21,Men,Handloom,Budget,1124,790
C00414,Gokul Raj,Male,62,Villupuram,Tamil Nadu,Silver,2025-09-01,Men,Handloom,Budget,2739,322
C00415,Ramesh Selvi,Male,55,Kallakurichi,Tamil Nadu,Bronze,2025-11-20,Home & Lifestyle,Cotton,Standard,731,242
C00416,Anitha Raj,Female,34,Tiruppur,Tamil Nadu,Bronze,2023-08-28,Home & Lifestyle,Cotton,Premium,330,1057
C00417,Aishwarya Raman,Female,40,Salem,Tamil Nadu,Silver,2024-07-13,Kids,Cotton,Standard,1283,737
C00418,Aishwarya Shankar,Female,34,Coimbatore,Tamil Nadu,Silver,2023-04-23,Women,Handloom,Standard,2036,1184
C00419,Praveen Shankar,Male,26,Tirunelveli,Tamil Nadu,Bronze,2024-04-05,Men,Linen,Standard,757,836
C00420,Nithya Selvi,Female,64,Chennai,Tamil Nadu,Gold,2025-04-26,Women,Cotton,Budget,3850,450
C00421,Hari Krishnan,Male,41,Villupuram,Tamil Nadu,Bronze,2025-04-10,Accessories,Cotton,Standard,693,466
C00422,Suresh Prasad,Male,52,Tirunelveli,Tamil Nadu,Silver,2023-03-28,Men,Linen,Premium,1511,1210
C00423,Nithya Kumar,Female,54,Tirunelveli,Tamil Nadu,Bronze,2025-03-14,Women,Cotton,Budget,48,493
C00424,Meena Kumar,Female,29,Trichy,Tamil Nadu,Silver,2025-10-07,Home & Lifestyle,Silk,Standard,1193,286
C00425,Kishore Shankar,Male,38,Salem,Tamil Nadu,Gold,2025-08-28,Men,Linen,Standard,3516,326
C00426,Keerthana Selvi,Female,24,Salem,Tamil Nadu,Platinum,2025-12-11,Women,Silk,Standard,13953,221
C00427,Meena Devi,Female,53,Villupuram,Tamil Nadu,Silver,2025-06-25,Women,Cotton,Premium,2293,390
C00428,Harini Raman,Female,52,Karur,Tamil Nadu,Bronze,2024-02-09,Women,Polyester,Luxury,816,892
C00429,Meena Raj,Female,49,Coimbatore,Tamil Nadu,Bronze,2023-09-14,Women,Cotton,Premium,160,1040
C00430,Deepika Selvi,Female,30,Villupuram,Tamil Nadu,Gold,2024-03-02,Women,Linen,Standard,4226,870
C00431,Suresh Murugan,Male,42,Villupuram,Tamil Nadu,Silver,2025-12-24,Accessories,Handloom,Standard,1371,208
C00432,Swathi Babu,Female,41,Chennai,Tamil Nadu,Silver,2025-08-14,Women,Silk,Standard,1888,340
C00433,Harini Kumar,Female,62,Kallakurichi,Tamil Nadu,Bronze,2025-12-26,Kids,Polyester,Budget,386,206
C00434,Deepika Krishnan,Female,51,Vellore,Tamil Nadu,Silver,2025-07-13,Women,Linen,Budget,2906,372
C00435,Kavya Reddy,Female,65,Villupuram,Tamil Nadu,Gold,2024-05-09,Women,Polyester,Standard,3815,802
C00436,Ajith Mohan,Male,41,Coimbatore,Tamil Nadu,Bronze,2024-10-17,Men,Cotton,Budget,979,641
C00437,Vijay Nathan,Male,24,Tiruppur,Tamil Nadu,Bronze,2023-03-03,Men,Cotton,Standard,569,1235
C00438,Divya Reddy,Female,56,Trichy,Tamil Nadu,Bronze,2023-05-09,Women,Cotton,Standard,365,1168
C00439,Priya Iyer,Female,34,Salem,Tamil Nadu,Gold,2023-08-05,Women,Cotton,Standard,3347,1080
C00440,Swathi Shankar,Female,59,Tirunelveli,Tamil Nadu,Bronze,2025-09-04,Women,Handloom,Budget,185,319
C00441,Saravanan Kumar,Male,54,Chennai,Tamil Nadu,Silver,2025-12-18,Men,Cotton,Budget,2140,214
C00442,Naveen Raj,Male,30,Vellore,Tamil Nadu,Bronze,2024-05-21,Home & Lifestyle,Polyester,Standard,428,790
C00443,Gokul Shankar,Male,47,Karur,Tamil Nadu,Silver,2024-08-27,Men,Handloom,Budget,2110,692
C00444,Sowmya Raj,Female,56,Kanchipuram,Tamil Nadu,Bronze,2023-08-18,Women,Silk,Budget,670,1067
C00445,Swathi Mohan,Female,43,Vellore,Tamil Nadu,Bronze,2025-12-14,Kids,Cotton,Standard,383,218
C00446,Meena Iyer,Female,24,Vellore,Tamil Nadu,Bronze,2024-08-17,Women,Cotton,Standard,799,702
C00447,Kishore Murugan,Male,52,Karur,Tamil Nadu,Bronze,2023-09-28,Men,Cotton,Standard,25,1026
C00448,Divya Nathan,Female,49,Tirunelveli,Tamil Nadu,Bronze,2023-07-10,Women,Cotton,Premium,377,1106
C00449,Divya Babu,Female,45,Tiruppur,Tamil Nadu,Platinum,2023-08-18,Kids,Handloom,Premium,9401,1067
C00450,Deepika Nathan,Female,56,Vellore,Tamil Nadu,Silver,2025-02-04,Women,Silk,Budget,2418,531
C00451,Saravanan Mohan,Male,40,Hosur,Tamil Nadu,Platinum,2024-09-13,Accessories,Cotton,Premium,11366,675
C00452,Arun Krishnan,Male,31,Erode,Tamil Nadu,Bronze,2023-11-15,Men,Polyester,Standard,886,978
C00453,Gokul Murugan,Male,58,Villupuram,Tamil Nadu,Silver,2024-10-21,Men,Linen,Standard,1914,637
C00454,Suresh Reddy,Male,60,Trichy,Tamil Nadu,Bronze,2023-01-12,Men,Cotton,Budget,458,1285
C00455,Harini Mohan,Female,21,Kanchipuram,Tamil Nadu,Bronze,2025-07-27,Kids,Silk,Premium,12,358
C00456,Kishore Murugan,Male,46,Vellore,Tamil Nadu,Silver,2024-07-21,Men,Linen,Standard,2557,729
C00457,Naveen Krishnan,Male,53,Chennai,Tamil Nadu,Bronze,2024-06-22,Men,Silk,Standard,624,758
C00458,Kishore Selvi,Male,36,Madurai,Tamil Nadu,Silver,2024-12-30,Men,Cotton,Standard,2549,567
C00459,Saravanan Raj,Male,32,Kanchipuram,Tamil Nadu,Bronze,2025-06-19,Men,Polyester,Premium,355,396
C00460,Vijay Prasad,Male,55,Coimbatore,Tamil Nadu,Gold,2024-01-29,Home & Lifestyle,Polyester,Premium,5934,903
C00461,Dinesh Nathan,Male,19,Thanjavur,Tamil Nadu,Bronze,2025-01-29,Men,Handloom,Standard,520,537
C00462,Suresh Selvi,Male,65,Hosur,Tamil Nadu,Bronze,2025-06-09,Men,Silk,Standard,367,406
C00463,Ramesh Reddy,Male,19,Hosur,Tamil Nadu,Silver,2024-12-12,Men,Polyester,Standard,2092,585
C00464,Harini Iyer,Female,40,Coimbatore,Tamil Nadu,Bronze,2024-09-26,Women,Handloom,Standard,249,662
C00465,Swathi Raj,Female,41,Hosur,Tamil Nadu,Bronze,2023-10-09,Women,Linen,Budget,479,1015
C00466,Pavithra Reddy,Female,19,Karur,Tamil Nadu,Bronze,2023-01-03,Kids,Handloom,Budget,752,1294
C00467,Divya Babu,Female,38,Erode,Tamil Nadu,Gold,2024-08-17,Women,Handloom,Budget,5189,702
C00468,Harini Babu,Female,26,Madurai,Tamil Nadu,Bronze,2025-04-21,Home & Lifestyle,Cotton,Standard,806,455
C00469,Arun Nathan,Male,23,Vellore,Tamil Nadu,Bronze,2023-07-10,Men,Cotton,Standard,155,1106
C00470,Ramesh Nathan,Male,24,Villupuram,Tamil Nadu,Bronze,2023-03-09,Men,Handloom,Standard,981,1229
C00471,Hari Raj,Male,52,Kallakurichi,Tamil Nadu,Bronze,2025-09-14,Men,Silk,Premium,21,309
C00472,Ramesh Mohan,Male,31,Trichy,Tamil Nadu,Bronze,2025-07-07,Men,Silk,Standard,774,378
C00473,Deepika Krishnan,Female,54,Madurai,Tamil Nadu,Silver,2024-08-24,Women,Polyester,Standard,2896,695
C00474,Vijay Devi,Male,44,Tiruppur,Tamil Nadu,Silver,2023-02-23,Home & Lifestyle,Polyester,Premium,1172,1243
C00475,Naveen Shankar,Male,57,Tirunelveli,Tamil Nadu,Bronze,2023-01-09,Accessories,Silk,Standard,500,1288
C00476,Sowmya Krishnan,Female,39,Vellore,Tamil Nadu,Bronze,2025-06-26,Accessories,Silk,Budget,298,389
C00477,Manoj Reddy,Male,46,Tiruppur,Tamil Nadu,Bronze,2024-09-18,Men,Silk,Standard,238,670
C00478,Naveen Reddy,Male,26,Madurai,Tamil Nadu,Bronze,2023-04-19,Men,Cotton,Luxury,62,1188
C00479,Nithya Iyer,Female,58,Hosur,Tamil Nadu,Bronze,2024-01-23,Women,Handloom,Standard,683,909
C00480,Rahul Nathan,Male,39,Kallakurichi,Tamil Nadu,Silver,2023-09-07,Men,Handloom,Budget,2334,1047
C00481,Deepika Selvi,Female,57,Kallakurichi,Tamil Nadu,Silver,2024-11-22,Women,Cotton,Standard,2704,605
C00482,Meena Selvi,Female,18,Erode,Tamil Nadu,Platinum,2025-02-17,Accessories,Silk,Luxury,12405,518
C00483,Anitha Vel,Female,38,Hosur,Tamil Nadu,Gold,2025-03-21,Kids,Handloom,Premium,6471,486
C00484,Ramesh Murugan,Male,38,Karur,Tamil Nadu,Gold,2025-11-10,Men,Cotton,Premium,5482,252
C00485,Saravanan Devi,Male,47,Villupuram,Tamil Nadu,Bronze,2023-08-21,Men,Polyester,Standard,988,1064
C00486,Manoj Selvi,Male,50,Karur,Tamil Nadu,Bronze,2023-02-22,Men,Linen,Budget,47,1244
C00487,Anitha Nathan,Female,65,Vellore,Tamil Nadu,Gold,2024-08-07,Home & Lifestyle,Linen,Standard,5231,712
C00488,Manoj Shankar,Male,39,Madurai,Tamil Nadu,Bronze,2024-03-21,Men,Silk,Standard,721,851
C00489,Kishore Raman,Male,52,Vellore,Tamil Nadu,Bronze,2025-12-27,Men,Silk,Premium,753,205
C00490,Swathi Raman,Female,21,Vellore,Tamil Nadu,Bronze,2023-11-16,Women,Silk,Premium,802,977
C00491,Karthik Selvi,Male,45,Erode,Tamil Nadu,Bronze,2024-04-12,Men,Handloom,Standard,951,829
C00492,Sowmya Babu,Female,44,Hosur,Tamil Nadu,Gold,2023-05-25,Women,Linen,Premium,5432,1152
C00493,Divya Mohan,Female,39,Karur,Tamil Nadu,Gold,2025-11-01,Home & Lifestyle,Handloom,Budget,4108,261
C00494,Anitha Vel,Female,28,Thanjavur,Tamil Nadu,Bronze,2025-10-07,Kids,Silk,Budget,499,286
C00495,Pavithra Kumar,Female,54,Vellore,Tamil Nadu,Gold,2025-12-31,Home & Lifestyle,Linen,Premium,3158,201
C00496,Divya Mohan,Female,61,Tirunelveli,Tamil Nadu,Bronze,2024-10-16,Women,Polyester,Standard,872,642
C00497,Aishwarya Mohan,Female,52,Salem,Tamil Nadu,Platinum,2025-05-25,Home & Lifestyle,Polyester,Premium,10880,421
C00498,Meena Devi,Female,25,Coimbatore,Tamil Nadu,Silver,2024-12-10,Kids,Polyester,Standard,2281,587
C00499,Saravanan Devi,Male,32,Chennai,Tamil Nadu,Bronze,2025-01-05,Men,Handloom,Standard,666,561
C00500,Ajith Krishnan,Male,34,Vellore,Tamil Nadu,Silver,2025-04-06,Accessories,Cotton,Standard,1513,470
C00501,Harini Devi,Female,46,Thanjavur,Tamil Nadu,Gold,2024-11-30,Accessories,Handloom,Standard,4627,597
C00502,Priya Selvi,Female,56,Villupuram,Tamil Nadu,Silver,2024-08-02,Women,Polyester,Standard,1786,717
C00503,Dinesh Vel,Male,53,Tiruppur,Tamil Nadu,Bronze,2025-10-28,Accessories,Linen,Luxury,7,265
C00504,Vijay Iyer,Male,53,Hosur,Tamil Nadu,Gold,2024-11-25,Men,Handloom,Standard,5067,602
C00505,Swathi Iyer,Female,47,Vellore,Tamil Nadu,Silver,2023-05-22,Kids,Polyester,Luxury,1663,1155
C00506,Manoj Iyer,Male,63,Karur,Tamil Nadu,Gold,2025-11-06,Men,Linen,Budget,3446,256
C00507,Priya Babu,Female,48,Kanchipuram,Tamil Nadu,Bronze,2025-06-20,Accessories,Cotton,Budget,171,395
C00508,Rahul Krishnan,Male,30,Karur,Tamil Nadu,Gold,2024-02-22,Men,Cotton,Standard,3189,879
C00509,Manoj Prasad,Male,37,Hosur,Tamil Nadu,Bronze,2024-04-06,Men,Polyester,Premium,290,835
C00510,Manoj Raman,Male,41,Erode,Tamil Nadu,Silver,2023-02-16,Men,Handloom,Standard,1975,1250
C00511,Saravanan Raman,Male,42,Villupuram,Tamil Nadu,Bronze,2023-01-09,Men,Linen,Standard,724,1288
C00512,Sowmya Babu,Female,38,Erode,Tamil Nadu,Bronze,2023-06-08,Home & Lifestyle,Polyester,Standard,312,1138
C00513,Vijay Babu,Male,30,Kanchipuram,Tamil Nadu,Bronze,2025-07-02,Men,Handloom,Budget,388,383
C00514,Manoj Shankar,Male,53,Kallakurichi,Tamil Nadu,Bronze,2024-04-28,Accessories,Cotton,Standard,754,813
C00515,Ajith Reddy,Male,65,Karur,Tamil Nadu,Gold,2025-12-17,Men,Polyester,Standard,4746,215
C00516,Suresh Krishnan,Male,34,Karur,Tamil Nadu,Bronze,2024-06-11,Men,Silk,Budget,4,769
C00517,Kishore Vel,Male,41,Salem,Tamil Nadu,Silver,2025-01-10,Men,Silk,Standard,2319,556
C00518,Rahul Reddy,Male,41,Thanjavur,Tamil Nadu,Bronze,2025-01-16,Men,Cotton,Standard,131,550
C00519,Meena Nathan,Female,63,Tirunelveli,Tamil Nadu,Bronze,2024-06-25,Women,Handloom,Standard,888,755
C00520,Nithya Mohan,Female,45,Erode,Tamil Nadu,Silver,2023-11-09,Women,Linen,Budget,1615,984
C00521,Swathi Babu,Female,36,Karur,Tamil Nadu,Platinum,2024-06-04,Women,Silk,Premium,13950,776
C00522,Pavithra Prasad,Female,39,Trichy,Tamil Nadu,Bronze,2025-06-13,Women,Linen,Standard,128,402
C00523,Harini Krishnan,Female,33,Hosur,Tamil Nadu,Bronze,2024-08-15,Women,Cotton,Budget,795,704
C00524,Rahul Vel,Male,64,Trichy,Tamil Nadu,Bronze,2025-10-06,Accessories,Polyester,Budget,86,287
C00525,Revathi Reddy,Female,37,Tirunelveli,Tamil Nadu,Bronze,2025-08-30,Women,Linen,Budget,87,324
C00526,Deepika Devi,Female,27,Karur,Tamil Nadu,Bronze,2023-12-05,Women,Linen,Budget,147,958
C00527,Divya Nathan,Female,32,Kallakurichi,Tamil Nadu,Gold,2023-06-06,Women,Handloom,Budget,4383,1140
C00528,Kishore Raman,Male,49,Madurai,Tamil Nadu,Bronze,2024-08-12,Men,Cotton,Standard,899,707
C00529,Keerthana Babu,Female,25,Tirunelveli,Tamil Nadu,Silver,2024-05-29,Women,Linen,Standard,2839,782
C00530,Saravanan Babu,Male,21,Madurai,Tamil Nadu,Platinum,2024-09-16,Men,Silk,Premium,13968,672
C00531,Meena Kumar,Female,48,Thanjavur,Tamil Nadu,Silver,2025-02-24,Women,Linen,Standard,2798,511
C00532,Rahul Krishnan,Male,45,Hosur,Tamil Nadu,Platinum,2025-02-27,Home & Lifestyle,Cotton,Budget,11445,508
C00533,Pavithra Vel,Female,25,Erode,Tamil Nadu,Silver,2025-07-15,Women,Cotton,Premium,1408,370
C00534,Hari Vel,Male,27,Trichy,Tamil Nadu,Bronze,2025-01-01,Men,Polyester,Premium,986,565
C00535,Ajith Reddy,Male,34,Tiruppur,Tamil Nadu,Silver,2024-11-17,Home & Lifestyle,Handloom,Premium,1776,610
C00536,Arun Mohan,Male,20,Villupuram,Tamil Nadu,Silver,2023-10-02,Men,Cotton,Premium,1674,1022
C00537,Arun Iyer,Male,48,Hosur,Tamil Nadu,Silver,2024-11-20,Men,Linen,Standard,1274,607
C00538,Swathi Prasad,Female,56,Kallakurichi,Tamil Nadu,Bronze,2024-03-02,Kids,Silk,Premium,577,870
C00539,Manoj Vel,Male,60,Hosur,Tamil Nadu,Bronze,2023-04-05,Men,Cotton,Standard,796,1202
C00540,Saravanan Shankar,Male,31,Karur,Tamil Nadu,Bronze,2025-09-10,Home & Lifestyle,Handloom,Budget,616,313
C00541,Dinesh Krishnan,Male,33,Vellore,Tamil Nadu,Bronze,2025-07-14,Men,Polyester,Standard,75,371
C00542,Sowmya Nathan,Female,56,Coimbatore,Tamil Nadu,Bronze,2024-05-29,Women,Polyester,Standard,80,782
C00543,Harini Reddy,Female,38,Salem,Tamil Nadu,Silver,2025-09-09,Women,Silk,Budget,2479,314
C00544,Keerthana Kumar,Female,30,Madurai,Tamil Nadu,Bronze,2025-08-18,Accessories,Cotton,Budget,347,336
C00545,Saravanan Raj,Male,65,Coimbatore,Tamil Nadu,Gold,2025-11-05,Men,Polyester,Budget,4897,257
C00546,Dinesh Iyer,Male,46,Tiruppur,Tamil Nadu,Bronze,2023-10-29,Men,Cotton,Budget,295,995
C00547,Praveen Shankar,Male,31,Vellore,Tamil Nadu,Silver,2024-10-11,Accessories,Handloom,Standard,1114,647
C00548,Deepika Raj,Female,21,Tirunelveli,Tamil Nadu,Bronze,2024-03-31,Women,Handloom,Premium,971,841
C00549,Aishwarya Vel,Female,49,Chennai,Tamil Nadu,Silver,2025-01-05,Women,Cotton,Premium,1960,561
C00550,Deepika Prasad,Female,26,Coimbatore,Tamil Nadu,Bronze,2023-10-01,Home & Lifestyle,Cotton,Standard,925,1023
C00551,Lakshmi Nathan,Female,54,Villupuram,Tamil Nadu,Bronze,2025-03-30,Women,Handloom,Standard,247,477
C00552,Keerthana Nathan,Female,33,Tirunelveli,Tamil Nadu,Bronze,2023-01-23,Women,Linen,Budget,330,1274
C00553,Arun Babu,Male,39,Chennai,Tamil Nadu,Bronze,2023-05-16,Home & Lifestyle,Handloom,Budget,353,1161
C00554,Aishwarya Murugan,Female,51,Chennai,Tamil Nadu,Silver,2025-10-05,Kids,Silk,Premium,1015,288
C00555,Aishwarya Prasad,Female,58,Salem,Tamil Nadu,Bronze,2023-10-19,Women,Polyester,Budget,572,1005
C00556,Kishore Raj,Male,50,Tirunelveli,Tamil Nadu,Gold,2024-09-08,Men,Handloom,Budget,3090,680
C00557,Sowmya Raj,Female,61,Erode,Tamil Nadu,Bronze,2023-11-07,Women,Handloom,Budget,336,986
C00558,Swathi Nathan,Female,45,Chennai,Tamil Nadu,Bronze,2023-08-14,Women,Linen,Budget,583,1071
C00559,Naveen Devi,Male,22,Karur,Tamil Nadu,Bronze,2023-07-05,Men,Handloom,Budget,660,1111
C00560,Priya Mohan,Female,41,Hosur,Tamil Nadu,Bronze,2024-01-10,Women,Polyester,Standard,88,922
C00561,Deepika Raman,Female,43,Madurai,Tamil Nadu,Gold,2025-04-19,Kids,Silk,Budget,5825,457
C00562,Deepika Nathan,Female,34,Erode,Tamil Nadu,Silver,2024-07-08,Accessories,Polyester,Standard,1649,742
C00563,Meena Nathan,Female,20,Hosur,Tamil Nadu,Silver,2023-10-01,Women,Handloom,Standard,2501,1023
C00564,Suresh Murugan,Male,28,Tirunelveli,Tamil Nadu,Bronze,2023-09-08,Men,Handloom,Standard,756,1046
C00565,Manoj Mohan,Male,62,Villupuram,Tamil Nadu,Silver,2023-09-17,Accessories,Silk,Standard,2815,1037
C00566,Meena Vel,Female,42,Kallakurichi,Tamil Nadu,Gold,2024-07-04,Women,Cotton,Standard,6516,746
C00567,Revathi Raj,Female,37,Vellore,Tamil Nadu,Bronze,2023-07-09,Home & Lifestyle,Silk,Luxury,470,1107
C00568,Deepika Vel,Female,61,Hosur,Tamil Nadu,Gold,2025-04-28,Women,Linen,Budget,5605,448
C00569,Vijay Prasad,Male,64,Vellore,Tamil Nadu,Silver,2024-02-01,Men,Silk,Standard,1089,900
C00570,Vijay Krishnan,Male,50,Kanchipuram,Tamil Nadu,Silver,2023-05-25,Men,Silk,Standard,2613,1152
C00571,Rahul Raman,Male,61,Hosur,Tamil Nadu,Bronze,2023-05-31,Men,Cotton,Premium,907,1146
C00572,Dinesh Murugan,Male,52,Tirunelveli,Tamil Nadu,Bronze,2025-10-12,Men,Linen,Budget,787,281
C00573,Keerthana Babu,Female,22,Chennai,Tamil Nadu,Bronze,2025-07-03,Kids,Polyester,Standard,798,382
C00574,Divya Raj,Female,53,Madurai,Tamil Nadu,Bronze,2024-01-15,Kids,Polyester,Budget,109,917
C00575,Ajith Reddy,Male,18,Coimbatore,Tamil Nadu,Gold,2024-04-09,Men,Cotton,Standard,6279,832
C00576,Keerthana Reddy,Female,26,Tirunelveli,Tamil Nadu,Bronze,2023-08-30,Women,Handloom,Standard,547,1055
C00577,Nithya Murugan,Female,61,Salem,Tamil Nadu,Bronze,2024-02-18,Women,Cotton,Premium,325,883
C00578,Revathi Vel,Female,54,Tiruppur,Tamil Nadu,Bronze,2025-06-20,Women,Cotton,Standard,785,395
C00579,Ajith Iyer,Male,42,Hosur,Tamil Nadu,Silver,2024-03-01,Accessories,Handloom,Premium,2464,871
C00580,Manoj Reddy,Male,59,Tiruppur,Tamil Nadu,Bronze,2025-10-11,Home & Lifestyle,Linen,Standard,863,282
C00581,Karthik Mohan,Male,63,Trichy,Tamil Nadu,Gold,2024-03-24,Men,Linen,Standard,6612,848
C00582,Naveen Nathan,Male,27,Madurai,Tamil Nadu,Bronze,2025-11-01,Men,Silk,Standard,457,261
C00583,Praveen Reddy,Male,36,Kallakurichi,Tamil Nadu,Gold,2023-12-23,Men,Silk,Standard,6883,940
C00584,Deepika Shankar,Female,56,Trichy,Tamil Nadu,Gold,2024-05-09,Home & Lifestyle,Cotton,Standard,3057,802
C00585,Pavithra Vel,Female,41,Madurai,Tamil Nadu,Gold,2023-02-28,Kids,Cotton,Budget,5668,1238
C00586,Praveen Krishnan,Male,36,Villupuram,Tamil Nadu,Platinum,2024-10-24,Men,Handloom,Premium,11539,634
C00587,Priya Nathan,Female,41,Tiruppur,Tamil Nadu,Bronze,2024-11-04,Kids,Linen,Standard,691,623
C00588,Sowmya Devi,Female,25,Thanjavur,Tamil Nadu,Silver,2023-03-02,Kids,Silk,Luxury,1540,1236
C00589,Keerthana Raman,Female,24,Thanjavur,Tamil Nadu,Gold,2023-07-02,Women,Cotton,Standard,3218,1114
C00590,Meena Shankar,Female,65,Kanchipuram,Tamil Nadu,Platinum,2024-12-11,Accessories,Handloom,Luxury,11047,586
C00591,Naveen Nathan,Male,19,Chennai,Tamil Nadu,Bronze,2025-04-02,Accessories,Polyester,Budget,323,474
C00592,Anitha Devi,Female,44,Villupuram,Tamil Nadu,Bronze,2024-08-27,Women,Polyester,Budget,282,692
C00593,Sowmya Iyer,Female,24,Madurai,Tamil Nadu,Gold,2023-10-25,Kids,Polyester,Standard,5826,999
C00594,Naveen Krishnan,Male,28,Tiruppur,Tamil Nadu,Silver,2023-10-29,Accessories,Handloom,Standard,1276,995
C00595,Karthik Raman,Male,27,Kanchipuram,Tamil Nadu,Silver,2023-01-24,Men,Handloom,Standard,1752,1273
C00596,Saravanan Murugan,Male,18,Kallakurichi,Tamil Nadu,Gold,2024-02-19,Home & Lifestyle,Polyester,Standard,3580,882
C00597,Nithya Mohan,Female,62,Thanjavur,Tamil Nadu,Bronze,2023-03-20,Kids,Polyester,Budget,908,1218
C00598,Divya Reddy,Female,22,Kanchipuram,Tamil Nadu,Silver,2024-05-17,Kids,Cotton,Standard,1022,794
C00599,Suresh Devi,Male,62,Kanchipuram,Tamil Nadu,Bronze,2025-03-10,Men,Linen,Standard,916,497
C00600,Gokul Selvi,Male,21,Kanchipuram,Tamil Nadu,Silver,2024-11-28,Men,Silk,Premium,2406,599
C00601,Vijay Nathan,Male,61,Kallakurichi,Tamil Nadu,Bronze,2025-04-26,Accessories,Polyester,Premium,211,450
C00602,Nithya Vel,Female,44,Tiruppur,Tamil Nadu,Bronze,2023-09-03,Accessories,Linen,Standard,991,1051
C00603,Kishore Nathan,Male,60,Kallakurichi,Tamil Nadu,Silver,2025-01-29,Men,Silk,Budget,2893,537
C00604,Suresh Raman,Male,32,Kanchipuram,Tamil Nadu,Bronze,2025-11-04,Accessories,Silk,Standard,345,258
C00605,Revathi Iyer,Female,36,Hosur,Tamil Nadu,Bronze,2024-02-26,Women,Cotton,Budget,56,875
C00606,Arun Kumar,Male,28,Thanjavur,Tamil Nadu,Bronze,2024-07-27,Home & Lifestyle,Cotton,Budget,59,723
C00607,Rahul Kumar,Male,37,Villupuram,Tamil Nadu,Bronze,2025-01-14,Men,Handloom,Budget,805,552
C00608,Anitha Selvi,Female,57,Trichy,Tamil Nadu,Silver,2023-11-01,Accessories,Cotton,Luxury,2127,992
C00609,Rahul Prasad,Male,20,Kallakurichi,Tamil Nadu,Bronze,2025-01-24,Men,Polyester,Premium,267,542
C00610,Revathi Nathan,Female,34,Tiruppur,Tamil Nadu,Bronze,2024-05-27,Women,Linen,Standard,941,784
C00611,Aishwarya Murugan,Female,47,Vellore,Tamil Nadu,Gold,2023-03-11,Women,Polyester,Budget,5139,1227
C00612,Arun Kumar,Male,38,Chennai,Tamil Nadu,Bronze,2025-08-25,Men,Linen,Luxury,278,329
C00613,Karthik Nathan,Male,54,Thanjavur,Tamil Nadu,Silver,2023-11-06,Men,Polyester,Budget,2877,987
C00614,Meena Vel,Female,47,Salem,Tamil Nadu,Silver,2024-10-25,Home & Lifestyle,Cotton,Premium,2251,633
C00615,Karthik Kumar,Male,37,Trichy,Tamil Nadu,Silver,2023-02-06,Men,Polyester,Premium,2042,1260
C00616,Praveen Raman,Male,33,Thanjavur,Tamil Nadu,Gold,2024-09-21,Men,Handloom,Standard,3601,667
C00617,Aishwarya Babu,Female,32,Thanjavur,Tamil Nadu,Bronze,2024-10-20,Accessories,Handloom,Budget,927,638
C00618,Vijay Mohan,Male,51,Coimbatore,Tamil Nadu,Gold,2023-03-13,Men,Linen,Premium,3899,1225
C00619,Karthik Kumar,Male,53,Tirunelveli,Tamil Nadu,Silver,2025-09-21,Home & Lifestyle,Handloom,Standard,2264,302
C00620,Pavithra Selvi,Female,38,Vellore,Tamil Nadu,Bronze,2024-01-08,Accessories,Linen,Budget,271,924
C00621,Vijay Selvi,Male,64,Kallakurichi,Tamil Nadu,Silver,2024-02-24,Men,Cotton,Premium,2571,877
C00622,Gokul Krishnan,Male,32,Villupuram,Tamil Nadu,Bronze,2025-06-24,Men,Handloom,Premium,588,391
C00623,Kishore Murugan,Male,64,Vellore,Tamil Nadu,Bronze,2023-09-01,Men,Handloom,Premium,863,1053
C00624,Ajith Devi,Male,60,Coimbatore,Tamil Nadu,Silver,2023-11-04,Accessories,Handloom,Standard,1728,989
C00625,Aishwarya Raman,Female,53,Hosur,Tamil Nadu,Silver,2024-06-01,Accessories,Cotton,Standard,1162,779
C00626,Harini Vel,Female,50,Villupuram,Tamil Nadu,Bronze,2024-07-14,Women,Linen,Standard,982,736
C00627,Manoj Vel,Male,20,Chennai,Tamil Nadu,Silver,2025-06-12,Home & Lifestyle,Polyester,Standard,1359,403
C00628,Karthik Murugan,Male,28,Kanchipuram,Tamil Nadu,Platinum,2024-10-21,Men,Linen,Budget,11125,637
C00629,Gokul Krishnan,Male,65,Tiruppur,Tamil Nadu,Bronze,2023-04-06,Men,Linen,Standard,172,1201
C00630,Deepika Krishnan,Female,27,Tiruppur,Tamil Nadu,Silver,2023-04-20,Women,Cotton,Standard,2083,1187
C00631,Pavithra Krishnan,Female,53,Kanchipuram,Tamil Nadu,Bronze,2023-04-21,Women,Handloom,Standard,292,1186
C00632,Sowmya Raj,Female,30,Kanchipuram,Tamil Nadu,Bronze,2025-03-09,Home & Lifestyle,Linen,Premium,225,498
C00633,Revathi Shankar,Female,28,Vellore,Tamil Nadu,Silver,2024-06-24,Accessories,Linen,Luxury,2441,756
C00634,Meena Kumar,Female,42,Kanchipuram,Tamil Nadu,Silver,2025-07-03,Women,Polyester,Budget,2726,382
C00635,Vijay Devi,Male,49,Vellore,Tamil Nadu,Platinum,2024-08-03,Men,Polyester,Budget,8768,716
C00636,Revathi Raman,Female,30,Erode,Tamil Nadu,Silver,2023-06-06,Accessories,Cotton,Standard,1078,1140
C00637,Karthik Kumar,Male,33,Kanchipuram,Tamil Nadu,Bronze,2024-12-02,Home & Lifestyle,Polyester,Luxury,419,595
C00638,Karthik Raj,Male,57,Thanjavur,Tamil Nadu,Bronze,2023-01-19,Men,Cotton,Premium,541,1278
C00639,Priya Krishnan,Female,21,Salem,Tamil Nadu,Gold,2024-08-27,Kids,Polyester,Budget,3969,692
C00640,Karthik Babu,Male,31,Erode,Tamil Nadu,Silver,2025-09-29,Men,Linen,Budget,1092,294
C00641,Anitha Shankar,Female,65,Tiruppur,Tamil Nadu,Silver,2023-10-07,Women,Cotton,Luxury,1149,1017
C00642,Meena Reddy,Female,29,Kanchipuram,Tamil Nadu,Silver,2024-08-04,Women,Linen,Budget,2569,715
C00643,Nithya Prasad,Female,42,Trichy,Tamil Nadu,Bronze,2024-10-17,Women,Polyester,Budget,530,641
C00644,Manoj Shankar,Male,27,Trichy,Tamil Nadu,Bronze,2025-10-01,Men,Polyester,Standard,804,292
C00645,Rahul Nathan,Male,19,Erode,Tamil Nadu,Gold,2023-05-06,Accessories,Cotton,Standard,5077,1171
C00646,Kishore Murugan,Male,29,Salem,Tamil Nadu,Bronze,2024-01-05,Men,Linen,Budget,455,927
C00647,Aishwarya Krishnan,Female,37,Kanchipuram,Tamil Nadu,Silver,2024-02-23,Kids,Silk,Premium,1859,878
C00648,Divya Babu,Female,30,Coimbatore,Tamil Nadu,Bronze,2023-09-03,Women,Polyester,Standard,107,1051
C00649,Nithya Raman,Female,41,Hosur,Tamil Nadu,Bronze,2025-10-14,Women,Cotton,Budget,71,279
C00650,Harini Reddy,Female,55,Hosur,Tamil Nadu,Silver,2025-10-23,Kids,Cotton,Premium,1164,270
C00651,Suresh Selvi,Male,30,Coimbatore,Tamil Nadu,Bronze,2025-02-17,Men,Polyester,Standard,518,518
C00652,Dinesh Prasad,Male,53,Thanjavur,Tamil Nadu,Bronze,2025-08-21,Accessories,Silk,Budget,67,333
C00653,Saravanan Mohan,Male,56,Thanjavur,Tamil Nadu,Bronze,2023-02-13,Men,Linen,Premium,671,1253
C00654,Karthik Prasad,Male,25,Trichy,Tamil Nadu,Silver,2024-11-14,Men,Cotton,Standard,2351,613
C00655,Revathi Reddy,Female,51,Vellore,Tamil Nadu,Platinum,2023-03-20,Women,Cotton,Standard,13740,1218
C00656,Priya Murugan,Female,19,Villupuram,Tamil Nadu,Bronze,2024-10-27,Women,Silk,Premium,277,631
C00657,Kishore Nathan,Male,49,Kallakurichi,Tamil Nadu,Bronze,2024-12-04,Men,Polyester,Budget,225,593
C00658,Rahul Kumar,Male,38,Kallakurichi,Tamil Nadu,Bronze,2025-04-02,Accessories,Silk,Premium,540,474
C00659,Kavya Murugan,Female,26,Erode,Tamil Nadu,Bronze,2023-01-30,Women,Linen,Premium,513,1267
C00660,Karthik Devi,Male,20,Villupuram,Tamil Nadu,Bronze,2023-02-23,Men,Silk,Standard,182,1243
C00661,Dinesh Krishnan,Male,57,Karur,Tamil Nadu,Silver,2025-06-19,Men,Cotton,Budget,2347,396
C00662,Pavithra Murugan,Female,58,Thanjavur,Tamil Nadu,Bronze,2025-01-16,Kids,Linen,Premium,448,550
C00663,Hari Prasad,Male,28,Trichy,Tamil Nadu,Silver,2024-08-13,Accessories,Cotton,Budget,1735,706
C00664,Ajith Devi,Male,32,Hosur,Tamil Nadu,Gold,2023-11-13,Accessories,Silk,Budget,3284,980
C00665,Manoj Selvi,Male,23,Tirunelveli,Tamil Nadu,Platinum,2024-04-19,Men,Polyester,Budget,10270,822
C00666,Ajith Krishnan,Male,31,Salem,Tamil Nadu,Bronze,2023-05-17,Men,Silk,Premium,15,1160
C00667,Rahul Selvi,Male,48,Madurai,Tamil Nadu,Bronze,2024-09-19,Men,Cotton,Standard,411,669
C00668,Kavya Raj,Female,19,Coimbatore,Tamil Nadu,Bronze,2024-06-15,Women,Polyester,Standard,231,765
C00669,Anitha Vel,Female,40,Hosur,Tamil Nadu,Platinum,2025-02-16,Kids,Silk,Standard,10304,519
C00670,Dinesh Reddy,Male,48,Kallakurichi,Tamil Nadu,Bronze,2023-01-05,Accessories,Cotton,Budget,518,1292
C00671,Anitha Babu,Female,29,Villupuram,Tamil Nadu,Bronze,2023-03-12,Women,Cotton,Standard,681,1226
C00672,Kishore Nathan,Male,24,Coimbatore,Tamil Nadu,Bronze,2024-02-22,Accessories,Linen,Standard,74,879
C00673,Karthik Raj,Male,40,Erode,Tamil Nadu,Silver,2023-07-13,Men,Cotton,Budget,1564,1103
C00674,Keerthana Raj,Female,42,Karur,Tamil Nadu,Bronze,2025-08-06,Women,Handloom,Standard,875,348
C00675,Hari Shankar,Male,39,Salem,Tamil Nadu,Bronze,2025-09-25,Men,Linen,Budget,436,298
C00676,Sowmya Kumar,Female,24,Tiruppur,Tamil Nadu,Silver,2023-02-22,Women,Silk,Premium,1395,1244
C00677,Kavya Kumar,Female,39,Kallakurichi,Tamil Nadu,Platinum,2025-09-20,Women,Linen,Premium,11231,303
C00678,Kishore Shankar,Male,63,Kanchipuram,Tamil Nadu,Bronze,2023-11-02,Men,Cotton,Standard,742,991
C00679,Sowmya Reddy,Female,20,Chennai,Tamil Nadu,Silver,2025-10-25,Home & Lifestyle,Handloom,Premium,1125,268
C00680,Ramesh Shankar,Male,41,Salem,Tamil Nadu,Bronze,2024-02-05,Men,Linen,Standard,880,896
C00681,Aishwarya Reddy,Female,54,Thanjavur,Tamil Nadu,Bronze,2023-12-07,Women,Silk,Budget,642,956
C00682,Gokul Raj,Male,43,Tirunelveli,Tamil Nadu,Bronze,2024-11-24,Men,Linen,Budget,698,603
C00683,Pavithra Prasad,Female,20,Vellore,Tamil Nadu,Bronze,2024-06-10,Women,Handloom,Premium,670,770
C00684,Harini Raj,Female,59,Tiruppur,Tamil Nadu,Silver,2025-09-27,Women,Handloom,Budget,1433,296
C00685,Harini Nathan,Female,22,Tirunelveli,Tamil Nadu,Bronze,2023-06-19,Home & Lifestyle,Linen,Standard,980,1127
C00686,Revathi Nathan,Female,64,Kanchipuram,Tamil Nadu,Bronze,2023-01-13,Kids,Cotton,Budget,459,1284
C00687,Rahul Mohan,Male,21,Madurai,Tamil Nadu,Bronze,2024-09-03,Accessories,Cotton,Standard,193,685
C00688,Ajith Reddy,Male,51,Tirunelveli,Tamil Nadu,Gold,2024-02-29,Men,Cotton,Standard,3705,872
C00689,Hari Vel,Male,39,Erode,Tamil Nadu,Silver,2024-11-27,Home & Lifestyle,Silk,Budget,1419,600
C00690,Karthik Kumar,Male,28,Erode,Tamil Nadu,Silver,2025-07-05,Men,Handloom,Luxury,2285,380
C00691,Manoj Babu,Male,53,Kallakurichi,Tamil Nadu,Gold,2024-02-05,Men,Polyester,Premium,5228,896
C00692,Harini Raman,Female,64,Chennai,Tamil Nadu,Bronze,2025-02-26,Women,Linen,Budget,447,509
C00693,Ramesh Selvi,Male,30,Madurai,Tamil Nadu,Bronze,2024-10-13,Accessories,Cotton,Budget,405,645
C00694,Keerthana Reddy,Female,55,Chennai,Tamil Nadu,Gold,2025-07-14,Kids,Linen,Standard,4617,371
C00695,Harini Prasad,Female,40,Tiruppur,Tamil Nadu,Bronze,2024-09-13,Women,Cotton,Budget,315,675
C00696,Pavithra Murugan,Female,51,Hosur,Tamil Nadu,Bronze,2024-12-02,Accessories,Handloom,Standard,700,595
C00697,Revathi Devi,Female,22,Hosur,Tamil Nadu,Bronze,2023-12-08,Women,Handloom,Standard,446,955
C00698,Dinesh Shankar,Male,63,Erode,Tamil Nadu,Bronze,2025-10-12,Men,Cotton,Standard,837,281
C00699,Pavithra Babu,Female,54,Erode,Tamil Nadu,Bronze,2023-10-23,Women,Polyester,Premium,701,1001
C00700,Anitha Devi,Female,63,Erode,Tamil Nadu,Gold,2025-11-02,Accessories,Silk,Budget,4806,260
C00701,Lakshmi Devi,Female,26,Kallakurichi,Tamil Nadu,Bronze,2025-09-18,Women,Linen,Standard,492,305
C00702,Kishore Devi,Male,56,Madurai,Tamil Nadu,Silver,2025-11-26,Men,Polyester,Budget,1287,236
C00703,Pavithra Mohan,Female,36,Coimbatore,Tamil Nadu,Silver,2025-05-07,Home & Lifestyle,Linen,Budget,2906,439
C00704,Priya Vel,Female,54,Tirunelveli,Tamil Nadu,Gold,2025-03-07,Women,Handloom,Budget,4121,500
C00705,Anitha Vel,Female,20,Chennai,Tamil Nadu,Bronze,2024-01-27,Accessories,Polyester,Premium,696,905
C00706,Suresh Prasad,Male,28,Kanchipuram,Tamil Nadu,Silver,2023-11-05,Accessories,Silk,Standard,2928,988
C00707,Kavya Kumar,Female,19,Kallakurichi,Tamil Nadu,Bronze,2023-02-17,Women,Silk,Standard,135,1249
C00708,Karthik Kumar,Male,50,Coimbatore,Tamil Nadu,Gold,2023-12-15,Men,Linen,Premium,6134,948
C00709,Aishwarya Krishnan,Female,22,Tiruppur,Tamil Nadu,Bronze,2025-02-26,Kids,Polyester,Standard,949,509
C00710,Rahul Shankar,Male,56,Chennai,Tamil Nadu,Gold,2024-05-07,Home & Lifestyle,Handloom,Standard,4229,804
C00711,Harini Vel,Female,49,Coimbatore,Tamil Nadu,Silver,2024-01-02,Home & Lifestyle,Cotton,Budget,1368,930
C00712,Ajith Kumar,Male,54,Tirunelveli,Tamil Nadu,Bronze,2023-02-28,Accessories,Silk,Luxury,41,1238
C00713,Praveen Raj,Male,36,Kanchipuram,Tamil Nadu,Platinum,2025-04-05,Men,Handloom,Budget,10552,471
C00714,Deepika Mohan,Female,49,Thanjavur,Tamil Nadu,Silver,2025-02-20,Kids,Polyester,Standard,2995,515
C00715,Keerthana Babu,Female,39,Erode,Tamil Nadu,Bronze,2024-10-01,Women,Silk,Luxury,84,657
C00716,Gokul Mohan,Male,56,Vellore,Tamil Nadu,Gold,2025-09-06,Men,Silk,Budget,4124,317
C00717,Sowmya Devi,Female,62,Thanjavur,Tamil Nadu,Bronze,2024-01-29,Women,Silk,Premium,398,903
C00718,Naveen Raj,Male,38,Trichy,Tamil Nadu,Bronze,2025-08-04,Accessories,Handloom,Premium,141,350
C00719,Keerthana Babu,Female,52,Salem,Tamil Nadu,Bronze,2023-10-16,Women,Silk,Standard,987,1008
C00720,Keerthana Selvi,Female,26,Erode,Tamil Nadu,Gold,2025-12-03,Accessories,Polyester,Budget,3256,229
C00721,Revathi Murugan,Female,62,Villupuram,Tamil Nadu,Silver,2023-01-08,Women,Cotton,Budget,1289,1289
C00722,Harini Selvi,Female,26,Erode,Tamil Nadu,Platinum,2023-02-18,Kids,Linen,Budget,8993,1248
C00723,Divya Kumar,Female,56,Tiruppur,Tamil Nadu,Silver,2024-05-15,Accessories,Polyester,Standard,2058,796
C00724,Kavya Prasad,Female,54,Villupuram,Tamil Nadu,Gold,2023-10-21,Women,Handloom,Standard,6532,1003
C00725,Deepika Krishnan,Female,51,Tirunelveli,Tamil Nadu,Gold,2023-07-13,Women,Handloom,Standard,5945,1103
C00726,Anitha Nathan,Female,41,Kanchipuram,Tamil Nadu,Silver,2025-09-10,Women,Handloom,Standard,2040,313
C00727,Kavya Prasad,Female,50,Vellore,Tamil Nadu,Bronze,2023-07-25,Home & Lifestyle,Silk,Standard,732,1091
C00728,Divya Kumar,Female,28,Tiruppur,Tamil Nadu,Bronze,2024-01-20,Kids,Linen,Standard,482,912
C00729,Suresh Prasad,Male,26,Kanchipuram,Tamil Nadu,Bronze,2023-08-09,Men,Linen,Standard,680,1076
C00730,Vijay Murugan,Male,61,Hosur,Tamil Nadu,Bronze,2024-01-28,Accessories,Handloom,Standard,396,904
C00731,Meena Murugan,Female,41,Kanchipuram,Tamil Nadu,Bronze,2024-10-28,Women,Polyester,Budget,703,630
C00732,Pavithra Vel,Female,27,Vellore,Tamil Nadu,Bronze,2024-06-13,Women,Linen,Premium,398,767
C00733,Rahul Babu,Male,25,Thanjavur,Tamil Nadu,Bronze,2025-05-14,Home & Lifestyle,Handloom,Standard,43,432
C00734,Kavya Iyer,Female,37,Salem,Tamil Nadu,Silver,2023-12-11,Accessories,Polyester,Standard,2837,952
C00735,Keerthana Prasad,Female,18,Thanjavur,Tamil Nadu,Bronze,2023-07-07,Women,Handloom,Standard,456,1109
C00736,Keerthana Shankar,Female,42,Tiruppur,Tamil Nadu,Gold,2024-10-09,Women,Cotton,Standard,5559,649
C00737,Deepika Nathan,Female,59,Chennai,Tamil Nadu,Bronze,2024-10-15,Kids,Handloom,Budget,697,643
C00738,Rahul Vel,Male,45,Hosur,Tamil Nadu,Silver,2025-08-24,Home & Lifestyle,Silk,Luxury,2882,330
C00739,Sowmya Selvi,Female,19,Trichy,Tamil Nadu,Bronze,2025-06-13,Women,Silk,Budget,829,402
C00740,Keerthana Reddy,Female,26,Tirunelveli,Tamil Nadu,Gold,2024-05-05,Accessories,Handloom,Budget,4659,806
C00741,Dinesh Shankar,Male,34,Tirunelveli,Tamil Nadu,Bronze,2023-12-12,Home & Lifestyle,Silk,Premium,793,951
C00742,Deepika Selvi,Female,35,Karur,Tamil Nadu,Platinum,2024-11-28,Women,Polyester,Budget,7019,599
C00743,Pavithra Raj,Female,64,Trichy,Tamil Nadu,Bronze,2023-07-24,Accessories,Handloom,Standard,987,1092
C00744,Meena Iyer,Female,22,Hosur,Tamil Nadu,Gold,2023-07-23,Women,Silk,Budget,4745,1093
C00745,Rahul Kumar,Male,47,Villupuram,Tamil Nadu,Bronze,2025-02-19,Accessories,Cotton,Budget,801,516
C00746,Keerthana Nathan,Female,47,Chennai,Tamil Nadu,Bronze,2025-03-15,Women,Silk,Budget,493,492
C00747,Lakshmi Murugan,Female,27,Salem,Tamil Nadu,Bronze,2023-09-30,Women,Linen,Standard,560,1024
C00748,Anitha Raj,Female,23,Salem,Tamil Nadu,Bronze,2025-11-14,Women,Silk,Standard,584,248
C00749,Deepika Mohan,Female,64,Tiruppur,Tamil Nadu,Bronze,2024-06-15,Women,Polyester,Standard,412,765
C00750,Deepika Kumar,Female,22,Madurai,Tamil Nadu,Gold,2023-07-30,Kids,Silk,Budget,5766,1086
C00751,Divya Babu,Female,54,Salem,Tamil Nadu,Gold,2025-09-16,Home & Lifestyle,Cotton,Standard,3753,307
C00752,Praveen Babu,Male,30,Tirunelveli,Tamil Nadu,Gold,2024-07-26,Home & Lifestyle,Silk,Premium,6848,724
C00753,Deepika Shankar,Female,59,Hosur,Tamil Nadu,Gold,2025-01-06,Women,Polyester,Luxury,5952,560
C00754,Gokul Krishnan,Male,35,Kanchipuram,Tamil Nadu,Silver,2024-11-26,Accessories,Polyester,Budget,2618,601
C00755,Deepika Shankar,Female,39,Hosur,Tamil Nadu,Platinum,2025-03-29,Kids,Handloom,Premium,9162,478
C00756,Harini Krishnan,Female,44,Madurai,Tamil Nadu,Bronze,2025-09-03,Home & Lifestyle,Silk,Premium,296,320
C00757,Dinesh Selvi,Male,31,Kanchipuram,Tamil Nadu,Bronze,2024-11-15,Accessories,Cotton,Budget,438,612
C00758,Priya Nathan,Female,33,Erode,Tamil Nadu,Bronze,2024-06-17,Women,Silk,Standard,57,763
C00759,Swathi Raman,Female,24,Tiruppur,Tamil Nadu,Bronze,2025-03-02,Women,Handloom,Luxury,15,505
C00760,Pavithra Vel,Female,65,Karur,Tamil Nadu,Gold,2023-07-23,Women,Polyester,Standard,4031,1093
C00761,Pavithra Iyer,Female,27,Kallakurichi,Tamil Nadu,Silver,2025-05-01,Accessories,Cotton,Luxury,1887,445
C00762,Sowmya Prasad,Female,34,Vellore,Tamil Nadu,Silver,2025-07-09,Women,Linen,Standard,2115,376
C00763,Dinesh Reddy,Male,36,Erode,Tamil Nadu,Bronze,2025-03-08,Men,Handloom,Budget,493,499
C00764,Praveen Selvi,Male,46,Chennai,Tamil Nadu,Bronze,2025-10-01,Home & Lifestyle,Silk,Standard,306,292
C00765,Ajith Nathan,Male,57,Kallakurichi,Tamil Nadu,Bronze,2024-10-31,Men,Silk,Budget,220,627
C00766,Karthik Vel,Male,40,Thanjavur,Tamil Nadu,Bronze,2023-08-29,Accessories,Cotton,Budget,864,1056
C00767,Swathi Murugan,Female,18,Hosur,Tamil Nadu,Gold,2024-04-01,Kids,Linen,Budget,6309,840
C00768,Ajith Prasad,Male,34,Madurai,Tamil Nadu,Gold,2025-01-23,Men,Cotton,Budget,4204,543
C00769,Saravanan Raj,Male,40,Hosur,Tamil Nadu,Silver,2025-12-11,Men,Polyester,Premium,1717,221
C00770,Karthik Babu,Male,30,Chennai,Tamil Nadu,Silver,2024-10-14,Men,Cotton,Budget,1194,644
C00771,Ramesh Devi,Male,60,Thanjavur,Tamil Nadu,Bronze,2023-04-01,Home & Lifestyle,Linen,Standard,528,1206
C00772,Suresh Shankar,Male,32,Kanchipuram,Tamil Nadu,Bronze,2025-09-01,Men,Silk,Luxury,785,322
C00773,Ajith Shankar,Male,60,Tiruppur,Tamil Nadu,Bronze,2024-08-20,Accessories,Cotton,Budget,310,699
C00774,Revathi Mohan,Female,63,Vellore,Tamil Nadu,Bronze,2023-01-31,Women,Linen,Budget,893,1266
C00775,Hari Vel,Male,40,Madurai,Tamil Nadu,Silver,2023-08-30,Men,Linen,Budget,1194,1055
C00776,Dinesh Selvi,Male,37,Thanjavur,Tamil Nadu,Bronze,2024-01-19,Men,Cotton,Standard,439,913
C00777,Rahul Krishnan,Male,50,Salem,Tamil Nadu,Gold,2023-03-24,Home & Lifestyle,Cotton,Budget,3037,1214
C00778,Karthik Prasad,Male,54,Villupuram,Tamil Nadu,Bronze,2023-04-22,Men,Polyester,Budget,163,1185
C00779,Aishwarya Iyer,Female,36,Trichy,Tamil Nadu,Bronze,2023-05-17,Women,Silk,Budget,99,1160
C00780,Swathi Vel,Female,64,Karur,Tamil Nadu,Silver,2024-10-08,Home & Lifestyle,Linen,Standard,1566,650
C00781,Lakshmi Devi,Female,54,Thanjavur,Tamil Nadu,Bronze,2024-02-03,Kids,Polyester,Standard,145,898
C00782,Gokul Raj,Male,43,Thanjavur,Tamil Nadu,Bronze,2023-09-15,Accessories,Silk,Premium,75,1039
C00783,Sowmya Raman,Female,49,Thanjavur,Tamil Nadu,Gold,2023-01-13,Women,Linen,Premium,4093,1284
C00784,Lakshmi Shankar,Female,56,Coimbatore,Tamil Nadu,Bronze,2025-09-24,Women,Cotton,Premium,842,299
C00785,Harini Iyer,Female,46,Chennai,Tamil Nadu,Bronze,2024-11-27,Kids,Cotton,Standard,63,600
C00786,Nithya Raman,Female,49,Salem,Tamil Nadu,Silver,2025-12-15,Women,Handloom,Premium,1418,217
C00787,Deepika Shankar,Female,20,Tirunelveli,Tamil Nadu,Bronze,2025-05-11,Women,Polyester,Budget,573,435
C00788,Harini Murugan,Female,63,Villupuram,Tamil Nadu,Gold,2024-11-12,Women,Linen,Budget,3229,615
C00789,Pavithra Devi,Female,30,Villupuram,Tamil Nadu,Platinum,2023-11-30,Women,Cotton,Budget,13353,963
C00790,Lakshmi Devi,Female,18,Thanjavur,Tamil Nadu,Silver,2025-02-09,Women,Linen,Standard,1156,526
C00791,Priya Krishnan,Female,37,Madurai,Tamil Nadu,Gold,2025-10-10,Women,Silk,Standard,4560,283
C00792,Lakshmi Prasad,Female,61,Thanjavur,Tamil Nadu,Gold,2024-09-15,Women,Cotton,Budget,4222,673
C00793,Naveen Selvi,Male,52,Salem,Tamil Nadu,Bronze,2025-10-31,Men,Silk,Premium,786,262
C00794,Divya Iyer,Female,28,Tirunelveli,Tamil Nadu,Silver,2023-01-25,Kids,Cotton,Standard,1648,1272
C00795,Sowmya Reddy,Female,50,Erode,Tamil Nadu,Gold,2023-10-16,Home & Lifestyle,Handloom,Premium,4266,1008
C00796,Gokul Murugan,Male,65,Kanchipuram,Tamil Nadu,Bronze,2025-11-12,Accessories,Linen,Budget,447,250
C00797,Aishwarya Babu,Female,61,Madurai,Tamil Nadu,Bronze,2023-07-30,Kids,Silk,Budget,414,1086
C00798,Priya Nathan,Female,41,Hosur,Tamil Nadu,Gold,2025-06-24,Women,Handloom,Standard,4766,391
C00799,Harini Vel,Female,46,Thanjavur,Tamil Nadu,Silver,2025-03-29,Kids,Handloom,Budget,2865,478
C00800,Dinesh Devi,Male,55,Thanjavur,Tamil Nadu,Silver,2025-08-31,Men,Handloom,Budget,1894,323
C00801,Saravanan Babu,Male,55,Salem,Tamil Nadu,Bronze,2025-10-28,Men,Silk,Standard,654,265
C00802,Priya Prasad,Female,60,Erode,Tamil Nadu,Bronze,2024-10-04,Accessories,Polyester,Budget,642,654
C00803,Arun Babu,Male,19,Villupuram,Tamil Nadu,Bronze,2025-05-10,Men,Polyester,Standard,317,436
C00804,Anitha Babu,Female,30,Erode,Tamil Nadu,Bronze,2025-10-28,Women,Silk,Luxury,421,265
C00805,Sowmya Devi,Female,28,Trichy,Tamil Nadu,Bronze,2024-06-27,Accessories,Handloom,Standard,180,753
C00806,Lakshmi Nathan,Female,44,Erode,Tamil Nadu,Bronze,2023-08-26,Home & Lifestyle,Cotton,Budget,399,1059
C00807,Sowmya Murugan,Female,18,Erode,Tamil Nadu,Silver,2024-08-22,Women,Linen,Budget,2195,697
C00808,Saravanan Nathan,Male,19,Madurai,Tamil Nadu,Silver,2025-10-03,Men,Silk,Premium,2728,290
C00809,Vijay Shankar,Male,46,Tiruppur,Tamil Nadu,Silver,2025-02-18,Men,Cotton,Premium,1586,517
C00810,Vijay Selvi,Male,57,Kallakurichi,Tamil Nadu,Bronze,2023-10-06,Men,Linen,Standard,955,1018
C00811,Karthik Kumar,Male,57,Salem,Tamil Nadu,Silver,2024-11-14,Men,Cotton,Standard,1456,613
C00812,Kishore Murugan,Male,30,Erode,Tamil Nadu,Silver,2025-08-15,Men,Polyester,Standard,2895,339
C00813,Karthik Kumar,Male,53,Hosur,Tamil Nadu,Gold,2024-09-03,Home & Lifestyle,Cotton,Standard,6164,685
C00814,Gokul Iyer,Male,43,Coimbatore,Tamil Nadu,Bronze,2023-04-09,Men,Cotton,Standard,423,1198
C00815,Anitha Nathan,Female,57,Vellore,Tamil Nadu,Silver,2023-12-18,Women,Cotton,Budget,1329,945
C00816,Manoj Murugan,Male,63,Karur,Tamil Nadu,Silver,2024-06-15,Accessories,Silk,Standard,1599,765
C00817,Lakshmi Raj,Female,61,Coimbatore,Tamil Nadu,Gold,2023-08-06,Accessories,Linen,Premium,6298,1079
C00818,Arun Prasad,Male,36,Madurai,Tamil Nadu,Gold,2024-03-28,Men,Silk,Premium,4014,844
C00819,Harini Vel,Female,30,Thanjavur,Tamil Nadu,Bronze,2023-04-21,Women,Silk,Standard,709,1186
C00820,Ajith Prasad,Male,18,Kanchipuram,Tamil Nadu,Gold,2023-06-03,Men,Handloom,Standard,5712,1143
C00821,Lakshmi Iyer,Female,31,Hosur,Tamil Nadu,Platinum,2024-11-09,Women,Cotton,Budget,10609,618
C00822,Revathi Selvi,Female,26,Trichy,Tamil Nadu,Silver,2025-10-31,Women,Handloom,Budget,1958,262
C00823,Aishwarya Kumar,Female,39,Tiruppur,Tamil Nadu,Gold,2023-01-20,Women,Silk,Budget,4119,1277
C00824,Ramesh Shankar,Male,25,Salem,Tamil Nadu,Platinum,2023-08-30,Men,Handloom,Budget,8797,1055
C00825,Priya Iyer,Female,35,Thanjavur,Tamil Nadu,Bronze,2025-06-09,Women,Polyester,Premium,843,406
C00826,Deepika Murugan,Female,36,Kallakurichi,Tamil Nadu,Silver,2023-02-27,Women,Linen,Premium,2882,1239
C00827,Anitha Mohan,Female,35,Thanjavur,Tamil Nadu,Bronze,2023-02-05,Women,Linen,Premium,979,1261
C00828,Kavya Devi,Female,20,Hosur,Tamil Nadu,Gold,2023-01-27,Women,Polyester,Standard,5245,1270
C00829,Deepika Mohan,Female,53,Chennai,Tamil Nadu,Bronze,2024-09-24,Women,Polyester,Standard,921,664
C00830,Ajith Prasad,Male,56,Villupuram,Tamil Nadu,Bronze,2023-03-10,Men,Linen,Standard,861,1228
C00831,Ajith Murugan,Male,57,Coimbatore,Tamil Nadu,Bronze,2023-03-17,Men,Cotton,Standard,948,1221
C00832,Gokul Iyer,Male,48,Villupuram,Tamil Nadu,Silver,2025-01-23,Home & Lifestyle,Linen,Budget,1972,543
C00833,Deepika Selvi,Female,44,Karur,Tamil Nadu,Bronze,2025-04-21,Kids,Linen,Standard,863,455
C00834,Kavya Raman,Female,59,Vellore,Tamil Nadu,Gold,2023-03-19,Women,Silk,Budget,3483,1219
C00835,Meena Nathan,Female,58,Kanchipuram,Tamil Nadu,Bronze,2025-11-01,Kids,Cotton,Standard,726,261
C00836,Aishwarya Selvi,Female,51,Vellore,Tamil Nadu,Bronze,2024-04-06,Women,Polyester,Budget,758,835
C00837,Aishwarya Mohan,Female,60,Kanchipuram,Tamil Nadu,Bronze,2023-03-19,Women,Handloom,Budget,108,1219
C00838,Rahul Raj,Male,45,Kallakurichi,Tamil Nadu,Bronze,2025-04-25,Men,Polyester,Standard,674,451
C00839,Karthik Kumar,Male,53,Tirunelveli,Tamil Nadu,Silver,2024-10-21,Home & Lifestyle,Polyester,Budget,1711,637
C00840,Arun Raman,Male,29,Tiruppur,Tamil Nadu,Gold,2024-02-03,Home & Lifestyle,Cotton,Premium,5985,898
C00841,Deepika Devi,Female,44,Tiruppur,Tamil Nadu,Bronze,2024-03-23,Women,Handloom,Standard,72,849
C00842,Praveen Selvi,Male,41,Tirunelveli,Tamil Nadu,Bronze,2023-05-16,Men,Cotton,Standard,858,1161
C00843,Saravanan Raman,Male,36,Madurai,Tamil Nadu,Gold,2023-05-19,Men,Linen,Standard,4797,1158
C00844,Pavithra Shankar,Female,21,Erode,Tamil Nadu,Gold,2023-02-21,Women,Cotton,Premium,5268,1245
C00845,Kavya Reddy,Female,51,Villupuram,Tamil Nadu,Bronze,2024-04-15,Accessories,Polyester,Budget,440,826
C00846,Sowmya Reddy,Female,39,Salem,Tamil Nadu,Bronze,2023-02-18,Women,Cotton,Budget,915,1248
C00847,Harini Murugan,Female,64,Hosur,Tamil Nadu,Gold,2025-01-10,Women,Silk,Standard,5229,556
C00848,Keerthana Babu,Female,63,Hosur,Tamil Nadu,Gold,2023-11-27,Home & Lifestyle,Cotton,Standard,6290,966
C00849,Karthik Mohan,Male,20,Chennai,Tamil Nadu,Silver,2023-12-22,Men,Polyester,Standard,1514,941
C00850,Ajith Murugan,Male,33,Erode,Tamil Nadu,Silver,2024-10-22,Men,Polyester,Standard,1923,636
C00851,Anitha Iyer,Female,19,Salem,Tamil Nadu,Bronze,2024-04-14,Women,Handloom,Budget,229,827
C00852,Divya Vel,Female,48,Vellore,Tamil Nadu,Silver,2024-08-06,Home & Lifestyle,Cotton,Budget,1478,713
C00853,Ramesh Krishnan,Male,59,Kanchipuram,Tamil Nadu,Silver,2024-10-29,Men,Handloom,Premium,2907,629
C00854,Ramesh Raj,Male,63,Tiruppur,Tamil Nadu,Gold,2024-01-14,Men,Handloom,Standard,4912,918
C00855,Harini Devi,Female,49,Madurai,Tamil Nadu,Bronze,2024-01-06,Women,Handloom,Premium,838,926
C00856,Arun Vel,Male,61,Villupuram,Tamil Nadu,Gold,2024-12-22,Accessories,Silk,Standard,5234,575
C00857,Kishore Mohan,Male,42,Erode,Tamil Nadu,Silver,2023-10-16,Men,Silk,Standard,1176,1008
C00858,Priya Mohan,Female,38,Tiruppur,Tamil Nadu,Silver,2024-08-24,Women,Polyester,Budget,1874,695
C00859,Rahul Raman,Male,28,Salem,Tamil Nadu,Bronze,2024-08-25,Men,Silk,Budget,771,694
C00860,Hari Reddy,Male,51,Madurai,Tamil Nadu,Platinum,2023-08-26,Men,Silk,Standard,13460,1059
C00861,Kishore Iyer,Male,27,Erode,Tamil Nadu,Silver,2023-03-17,Home & Lifestyle,Cotton,Premium,2903,1221
C00862,Naveen Kumar,Male,41,Trichy,Tamil Nadu,Bronze,2025-10-29,Men,Handloom,Standard,167,264
C00863,Sowmya Reddy,Female,52,Coimbatore,Tamil Nadu,Platinum,2024-04-29,Women,Handloom,Premium,9143,812
C00864,Saravanan Devi,Male,37,Chennai,Tamil Nadu,Gold,2025-08-18,Men,Polyester,Budget,6964,336
C00865,Dinesh Kumar,Male,30,Tiruppur,Tamil Nadu,Silver,2023-09-25,Men,Cotton,Budget,1995,1029
C00866,Hari Babu,Male,63,Madurai,Tamil Nadu,Platinum,2023-10-07,Men,Cotton,Budget,7606,1017
C00867,Nithya Nathan,Female,47,Trichy,Tamil Nadu,Bronze,2024-08-01,Women,Polyester,Budget,94,718
C00868,Sowmya Nathan,Female,35,Villupuram,Tamil Nadu,Bronze,2023-12-09,Accessories,Handloom,Standard,181,954
C00869,Vijay Raman,Male,65,Karur,Tamil Nadu,Bronze,2023-10-10,Men,Cotton,Budget,870,1014
C00870,Naveen Iyer,Male,50,Vellore,Tamil Nadu,Bronze,2025-07-04,Men,Handloom,Budget,708,381
C00871,Lakshmi Reddy,Female,59,Kanchipuram,Tamil Nadu,Silver,2025-04-21,Women,Handloom,Standard,1890,455
C00872,Suresh Kumar,Male,26,Vellore,Tamil Nadu,Silver,2024-12-17,Accessories,Silk,Budget,1981,580
C00873,Aishwarya Reddy,Female,23,Tirunelveli,Tamil Nadu,Silver,2025-12-24,Women,Handloom,Luxury,2462,208
C00874,Vijay Iyer,Male,39,Kallakurichi,Tamil Nadu,Gold,2023-07-15,Men,Cotton,Standard,3203,1101
C00875,Priya Nathan,Female,65,Hosur,Tamil Nadu,Bronze,2025-01-04,Women,Cotton,Premium,76,562
C00876,Praveen Vel,Male,28,Chennai,Tamil Nadu,Bronze,2023-06-20,Men,Linen,Premium,973,1126
C00877,Karthik Prasad,Male,24,Hosur,Tamil Nadu,Silver,2024-03-31,Men,Linen,Premium,2501,841
C00878,Swathi Krishnan,Female,33,Hosur,Tamil Nadu,Silver,2024-09-15,Women,Handloom,Premium,1787,673
C00879,Priya Shankar,Female,54,Kallakurichi,Tamil Nadu,Bronze,2023-04-28,Women,Linen,Budget,181,1179
C00880,Ramesh Raman,Male,45,Villupuram,Tamil Nadu,Bronze,2025-04-19,Men,Polyester,Budget,96,457
C00881,Divya Devi,Female,44,Thanjavur,Tamil Nadu,Bronze,2024-10-23,Women,Silk,Budget,771,635
C00882,Keerthana Murugan,Female,65,Kallakurichi,Tamil Nadu,Silver,2023-04-12,Women,Polyester,Premium,1871,1195
C00883,Karthik Iyer,Male,21,Vellore,Tamil Nadu,Bronze,2024-05-16,Men,Polyester,Premium,79,795
C00884,Priya Prasad,Female,57,Kallakurichi,Tamil Nadu,Bronze,2024-07-09,Kids,Linen,Standard,34,741
C00885,Hari Selvi,Male,32,Chennai,Tamil Nadu,Gold,2023-02-17,Men,Cotton,Standard,3935,1249
C00886,Anitha Babu,Female,37,Kallakurichi,Tamil Nadu,Silver,2025-11-06,Women,Polyester,Budget,1516,256
C00887,Sowmya Kumar,Female,22,Kanchipuram,Tamil Nadu,Platinum,2025-06-03,Women,Cotton,Budget,7696,412
C00888,Gokul Kumar,Male,33,Thanjavur,Tamil Nadu,Gold,2025-03-23,Home & Lifestyle,Linen,Premium,5835,484
C00889,Dinesh Kumar,Male,25,Tirunelveli,Tamil Nadu,Gold,2023-05-16,Men,Cotton,Premium,5605,1161
C00890,Saravanan Raj,Male,41,Trichy,Tamil Nadu,Silver,2024-06-08,Men,Linen,Budget,2600,772
C00891,Kavya Selvi,Female,46,Vellore,Tamil Nadu,Bronze,2024-07-31,Women,Linen,Standard,625,719
C00892,Gokul Murugan,Male,29,Salem,Tamil Nadu,Bronze,2024-03-11,Men,Polyester,Standard,474,861
C00893,Sowmya Raj,Female,19,Tirunelveli,Tamil Nadu,Bronze,2023-12-16,Women,Silk,Standard,804,947
C00894,Kavya Raj,Female,28,Tirunelveli,Tamil Nadu,Bronze,2023-10-19,Kids,Cotton,Standard,983,1005
C00895,Meena Nathan,Female,18,Kallakurichi,Tamil Nadu,Bronze,2025-11-10,Kids,Polyester,Budget,786,252
C00896,Lakshmi Reddy,Female,37,Trichy,Tamil Nadu,Bronze,2024-07-08,Kids,Linen,Premium,368,742
C00897,Dinesh Selvi,Male,53,Coimbatore,Tamil Nadu,Bronze,2023-07-18,Men,Linen,Premium,142,1098
C00898,Karthik Devi,Male,29,Coimbatore,Tamil Nadu,Gold,2024-06-03,Accessories,Linen,Standard,4632,777
C00899,Dinesh Murugan,Male,19,Karur,Tamil Nadu,Gold,2025-03-04,Men,Polyester,Premium,3855,503
C00900,Kavya Babu,Female,37,Tirunelveli,Tamil Nadu,Silver,2025-05-28,Women,Handloom,Standard,1611,418
C00901,Nithya Shankar,Female,23,Trichy,Tamil Nadu,Silver,2023-02-02,Accessories,Polyester,Budget,2561,1264
C00902,Dinesh Prasad,Male,57,Thanjavur,Tamil Nadu,Bronze,2023-01-04,Men,Cotton,Premium,31,1293
C00903,Naveen Selvi,Male,44,Erode,Tamil Nadu,Bronze,2025-10-10,Men,Silk,Budget,899,283
C00904,Arun Nathan,Male,27,Coimbatore,Tamil Nadu,Silver,2025-09-07,Men,Linen,Budget,1470,316
C00905,Revathi Selvi,Female,56,Trichy,Tamil Nadu,Bronze,2024-03-25,Home & Lifestyle,Handloom,Budget,718,847
C00906,Priya Devi,Female,40,Kallakurichi,Tamil Nadu,Bronze,2025-06-04,Accessories,Handloom,Budget,228,411
C00907,Swathi Krishnan,Female,23,Chennai,Tamil Nadu,Bronze,2025-02-13,Women,Handloom,Standard,576,522
C00908,Sowmya Krishnan,Female,22,Thanjavur,Tamil Nadu,Bronze,2024-12-07,Women,Handloom,Standard,866,590
C00909,Naveen Kumar,Male,39,Hosur,Tamil Nadu,Silver,2024-07-28,Men,Linen,Premium,1120,722
C00910,Priya Nathan,Female,24,Tiruppur,Tamil Nadu,Bronze,2023-01-03,Women,Silk,Standard,83,1294
C00911,Ajith Iyer,Male,37,Vellore,Tamil Nadu,Bronze,2024-02-23,Men,Linen,Premium,73,878
C00912,Nithya Devi,Female,19,Coimbatore,Tamil Nadu,Bronze,2024-10-23,Women,Polyester,Standard,294,635
C00913,Lakshmi Selvi,Female,38,Tirunelveli,Tamil Nadu,Bronze,2024-09-12,Women,Polyester,Budget,382,676
C00914,Arun Selvi,Male,59,Madurai,Tamil Nadu,Bronze,2025-02-28,Men,Linen,Premium,842,507
C00915,Praveen Babu,Male,55,Coimbatore,Tamil Nadu,Silver,2024-01-10,Men,Handloom,Standard,1631,922
C00916,Keerthana Selvi,Female,28,Kallakurichi,Tamil Nadu,Bronze,2024-06-28,Kids,Linen,Budget,825,752
C00917,Ajith Mohan,Male,56,Coimbatore,Tamil Nadu,Bronze,2025-08-20,Men,Cotton,Budget,710,334
C00918,Priya Selvi,Female,59,Trichy,Tamil Nadu,Bronze,2025-08-08,Women,Handloom,Standard,432,346
C00919,Dinesh Kumar,Male,29,Tirunelveli,Tamil Nadu,Gold,2024-05-17,Men,Polyester,Budget,5033,794
C00920,Keerthana Shankar,Female,51,Erode,Tamil Nadu,Bronze,2025-11-15,Women,Cotton,Standard,870,247
C00921,Gokul Babu,Male,32,Chennai,Tamil Nadu,Silver,2025-03-05,Men,Cotton,Budget,1713,502
C00922,Manoj Kumar,Male,51,Salem,Tamil Nadu,Bronze,2023-01-25,Men,Linen,Budget,359,1272
C00923,Ramesh Vel,Male,22,Hosur,Tamil Nadu,Bronze,2024-10-15,Men,Linen,Standard,338,643
C00924,Naveen Murugan,Male,29,Chennai,Tamil Nadu,Gold,2023-06-02,Men,Silk,Budget,4005,1144
C00925,Kishore Mohan,Male,44,Erode,Tamil Nadu,Bronze,2023-03-13,Men,Silk,Premium,994,1225
C00926,Anitha Shankar,Female,26,Salem,Tamil Nadu,Bronze,2024-07-17,Women,Linen,Luxury,459,733
C00927,Saravanan Shankar,Male,60,Tiruppur,Tamil Nadu,Bronze,2023-10-06,Home & Lifestyle,Cotton,Budget,395,1018
C00928,Arun Prasad,Male,20,Coimbatore,Tamil Nadu,Bronze,2023-07-28,Home & Lifestyle,Silk,Budget,45,1088
C00929,Dinesh Raman,Male,29,Salem,Tamil Nadu,Bronze,2024-08-19,Men,Polyester,Standard,916,700
C00930,Naveen Devi,Male,65,Villupuram,Tamil Nadu,Bronze,2023-12-19,Men,Silk,Standard,690,944
C00931,Anitha Raman,Female,18,Hosur,Tamil Nadu,Bronze,2025-03-21,Kids,Polyester,Budget,509,486
C00932,Ramesh Babu,Male,65,Kanchipuram,Tamil Nadu,Bronze,2025-11-07,Home & Lifestyle,Linen,Standard,959,255
C00933,Praveen Babu,Male,65,Trichy,Tamil Nadu,Silver,2024-10-07,Men,Silk,Premium,2206,651
C00934,Anitha Murugan,Female,37,Karur,Tamil Nadu,Platinum,2024-04-27,Women,Cotton,Premium,8381,814
C00935,Deepika Nathan,Female,64,Kanchipuram,Tamil Nadu,Platinum,2024-08-02,Kids,Cotton,Luxury,10428,717
C00936,Sowmya Mohan,Female,18,Thanjavur,Tamil Nadu,Silver,2023-01-23,Accessories,Linen,Premium,2582,1274
C00937,Hari Vel,Male,42,Trichy,Tamil Nadu,Bronze,2024-02-20,Men,Silk,Standard,583,881
C00938,Naveen Kumar,Male,58,Kallakurichi,Tamil Nadu,Bronze,2025-05-03,Men,Handloom,Standard,863,443
C00939,Manoj Kumar,Male,18,Vellore,Tamil Nadu,Gold,2025-10-30,Men,Cotton,Standard,5425,263
C00940,Kavya Reddy,Female,43,Vellore,Tamil Nadu,Bronze,2024-01-11,Women,Silk,Premium,596,921
C00941,Divya Babu,Female,31,Tirunelveli,Tamil Nadu,Gold,2025-10-19,Accessories,Handloom,Budget,5426,274
C00942,Swathi Vel,Female,39,Madurai,Tamil Nadu,Silver,2023-12-30,Kids,Handloom,Budget,1520,933
C00943,Anitha Raj,Female,24,Erode,Tamil Nadu,Bronze,2025-07-08,Women,Handloom,Standard,17,377
C00944,Lakshmi Selvi,Female,37,Salem,Tamil Nadu,Silver,2024-11-25,Women,Cotton,Standard,2914,602
C00945,Dinesh Reddy,Male,20,Chennai,Tamil Nadu,Platinum,2023-07-13,Men,Linen,Premium,14205,1103
C00946,Kishore Devi,Male,62,Coimbatore,Tamil Nadu,Bronze,2024-10-23,Men,Silk,Luxury,884,635
C00947,Kishore Nathan,Male,33,Karur,Tamil Nadu,Bronze,2025-01-30,Men,Silk,Budget,921,536
C00948,Rahul Krishnan,Male,63,Trichy,Tamil Nadu,Silver,2025-03-30,Men,Cotton,Budget,1139,477
C00949,Nithya Vel,Female,61,Salem,Tamil Nadu,Bronze,2024-09-03,Women,Silk,Premium,801,685
C00950,Deepika Babu,Female,39,Coimbatore,Tamil Nadu,Gold,2023-05-18,Women,Linen,Budget,5849,1159
C00951,Nithya Murugan,Female,65,Villupuram,Tamil Nadu,Bronze,2025-03-26,Kids,Handloom,Budget,648,481
C00952,Vijay Shankar,Male,37,Erode,Tamil Nadu,Bronze,2025-04-24,Men,Cotton,Premium,772,452
C00953,Pavithra Devi,Female,58,Kanchipuram,Tamil Nadu,Bronze,2024-08-26,Kids,Linen,Premium,839,693
C00954,Nithya Mohan,Female,32,Tiruppur,Tamil Nadu,Silver,2024-07-08,Women,Linen,Standard,2821,742
C00955,Praveen Selvi,Male,64,Kanchipuram,Tamil Nadu,Silver,2025-04-09,Men,Silk,Budget,1405,467
C00956,Keerthana Krishnan,Female,26,Chennai,Tamil Nadu,Bronze,2023-02-15,Home & Lifestyle,Handloom,Budget,615,1251
C00957,Ramesh Selvi,Male,54,Trichy,Tamil Nadu,Silver,2025-07-25,Men,Handloom,Standard,2695,360
C00958,Anitha Prasad,Female,53,Salem,Tamil Nadu,Silver,2024-06-28,Women,Polyester,Budget,2513,752
C00959,Karthik Raj,Male,46,Hosur,Tamil Nadu,Bronze,2024-09-17,Men,Polyester,Standard,536,671
C00960,Priya Selvi,Female,50,Tirunelveli,Tamil Nadu,Gold,2023-02-06,Women,Polyester,Standard,6026,1260
C00961,Sowmya Babu,Female,56,Villupuram,Tamil Nadu,Platinum,2025-10-01,Women,Polyester,Budget,13063,292
C00962,Ajith Prasad,Male,26,Erode,Tamil Nadu,Bronze,2025-03-20,Accessories,Linen,Premium,91,487
C00963,Saravanan Kumar,Male,37,Tiruppur,Tamil Nadu,Bronze,2024-10-27,Men,Polyester,Budget,880,631
C00964,Aishwarya Kumar,Female,49,Tiruppur,Tamil Nadu,Bronze,2023-12-09,Women,Cotton,Premium,267,954
C00965,Priya Prasad,Female,44,Thanjavur,Tamil Nadu,Bronze,2023-07-09,Home & Lifestyle,Cotton,Budget,380,1107
C00966,Aishwarya Selvi,Female,60,Trichy,Tamil Nadu,Platinum,2024-05-23,Women,Linen,Standard,9947,788
C00967,Aishwarya Reddy,Female,49,Karur,Tamil Nadu,Gold,2023-07-10,Women,Handloom,Budget,4063,1106
C00968,Manoj Krishnan,Male,46,Thanjavur,Tamil Nadu,Silver,2023-11-26,Men,Silk,Luxury,2048,967
C00969,Divya Vel,Female,19,Karur,Tamil Nadu,Silver,2025-09-02,Women,Handloom,Standard,2161,321
C00970,Suresh Raj,Male,30,Kallakurichi,Tamil Nadu,Bronze,2024-02-14,Men,Linen,Premium,765,887
C00971,Gokul Raj,Male,49,Hosur,Tamil Nadu,Bronze,2023-10-24,Accessories,Silk,Budget,758,1000
C00972,Priya Murugan,Female,53,Vellore,Tamil Nadu,Bronze,2023-08-01,Women,Linen,Budget,441,1084
C00973,Vijay Nathan,Male,37,Hosur,Tamil Nadu,Bronze,2023-03-08,Men,Handloom,Premium,7,1230
C00974,Deepika Shankar,Female,20,Villupuram,Tamil Nadu,Bronze,2025-01-15,Women,Linen,Standard,993,551
C00975,Aishwarya Prasad,Female,38,Trichy,Tamil Nadu,Bronze,2024-10-30,Women,Polyester,Standard,187,628
C00976,Praveen Shankar,Male,29,Erode,Tamil Nadu,Silver,2025-08-06,Men,Polyester,Standard,1056,348
C00977,Dinesh Vel,Male,31,Tirunelveli,Tamil Nadu,Bronze,2024-11-10,Men,Linen,Standard,292,617
C00978,Anitha Devi,Female,50,Tirunelveli,Tamil Nadu,Bronze,2025-01-25,Kids,Polyester,Standard,436,541
C00979,Divya Raj,Female,19,Tirunelveli,Tamil Nadu,Bronze,2025-07-31,Women,Handloom,Budget,613,354
C00980,Divya Kumar,Female,65,Coimbatore,Tamil Nadu,Silver,2024-04-20,Women,Silk,Budget,2580,821
C00981,Lakshmi Vel,Female,18,Kanchipuram,Tamil Nadu,Gold,2024-04-28,Kids,Silk,Budget,3969,813
C00982,Arun Mohan,Male,27,Hosur,Tamil Nadu,Gold,2024-02-19,Accessories,Linen,Standard,4255,882
C00983,Praveen Mohan,Male,60,Salem,Tamil Nadu,Bronze,2024-06-30,Men,Polyester,Premium,142,750
C00984,Suresh Vel,Male,29,Erode,Tamil Nadu,Bronze,2024-09-06,Accessories,Cotton,Premium,877,682
C00985,Arun Vel,Male,45,Kanchipuram,Tamil Nadu,Bronze,2024-02-27,Men,Polyester,Standard,585,874
C00986,Sowmya Raj,Female,60,Kanchipuram,Tamil Nadu,Platinum,2024-01-21,Women,Silk,Standard,14853,911
C00987,Vijay Iyer,Male,22,Villupuram,Tamil Nadu,Bronze,2025-07-11,Men,Handloom,Premium,101,374
C00988,Hari Reddy,Male,36,Salem,Tamil Nadu,Silver,2025-11-01,Accessories,Handloom,Standard,1488,261
C00989,Manoj Iyer,Male,56,Kanchipuram,Tamil Nadu,Silver,2025-03-11,Men,Handloom,Premium,1592,496
C00990,Gokul Devi,Male,52,Coimbatore,Tamil Nadu,Silver,2023-03-02,Men,Cotton,Premium,2875,1236
C00991,Anitha Shankar,Female,27,Tiruppur,Tamil Nadu,Silver,2025-02-08,Accessories,Polyester,Premium,2228,527
C00992,Pavithra Prasad,Female,30,Tirunelveli,Tamil Nadu,Gold,2025-04-16,Accessories,Silk,Budget,3954,460
C00993,Ajith Prasad,Male,22,Kanchipuram,Tamil Nadu,Silver,2023-06-14,Accessories,Linen,Budget,1577,1132
C00994,Kavya Nathan,Female,27,Tirunelveli,Tamil Nadu,Bronze,2025-09-09,Women,Silk,Standard,477,314
C00995,Meena Kumar,Female,36,Madurai,Tamil Nadu,Silver,2024-08-21,Kids,Handloom,Premium,2509,698
C00996,Arun Prasad,Male,49,Chennai,Tamil Nadu,Bronze,2023-12-20,Men,Silk,Standard,600,943
C00997,Priya Devi,Female,31,Salem,Tamil Nadu,Gold,2023-12-03,Women,Cotton,Standard,5548,960
C00998,Divya Raman,Female,48,Kanchipuram,Tamil Nadu,Bronze,2024-01-09,Women,Polyester,Budget,237,923
C00999,Pavithra Nathan,Female,57,Salem,Tamil Nadu,Bronze,2023-11-28,Women,Polyester,Standard,104,965
C01000,Sowmya Murugan,Female,48,Hosur,Tamil Nadu,Bronze,2023-10-21,Kids,Silk,Premium,794,1003
C01001,Suresh Devi,Male,23,Tirunelveli,Tamil Nadu,Bronze,2023-01-30,Men,Polyester,Premium,195,1267
C01002,Nithya Murugan,Female,34,Kallakurichi,Tamil Nadu,Silver,2025-11-10,Women,Silk,Standard,1108,252
C01003,Pavithra Babu,Female,18,Tiruppur,Tamil Nadu,Silver,2024-06-15,Kids,Polyester,Premium,1740,765
C01004,Revathi Krishnan,Female,18,Coimbatore,Tamil Nadu,Bronze,2024-12-01,Women,Silk,Premium,23,596
C01005,Ajith Babu,Male,54,Karur,Tamil Nadu,Silver,2024-12-10,Men,Linen,Budget,2085,587
C01006,Lakshmi Mohan,Female,36,Trichy,Tamil Nadu,Bronze,2023-11-05,Women,Linen,Premium,811,988
C01007,Suresh Vel,Male,21,Erode,Tamil Nadu,Bronze,2025-08-10,Men,Polyester,Premium,604,344
C01008,Priya Kumar,Female,18,Kallakurichi,Tamil Nadu,Silver,2025-02-28,Accessories,Silk,Premium,1106,507
C01009,Sowmya Reddy,Female,23,Madurai,Tamil Nadu,Silver,2025-05-11,Accessories,Cotton,Standard,1662,435
C01010,Gokul Vel,Male,52,Hosur,Tamil Nadu,Bronze,2023-11-27,Men,Polyester,Budget,393,966
C01011,Lakshmi Prasad,Female,39,Kallakurichi,Tamil Nadu,Silver,2024-10-11,Women,Cotton,Budget,2865,647
C01012,Nithya Murugan,Female,21,Thanjavur,Tamil Nadu,Bronze,2024-06-17,Women,Handloom,Budget,151,763
C01013,Pavithra Krishnan,Female,33,Salem,Tamil Nadu,Bronze,2024-07-14,Women,Polyester,Standard,468,736
C01014,Keerthana Devi,Female,29,Kanchipuram,Tamil Nadu,Bronze,2025-03-30,Accessories,Polyester,Budget,577,477
C01015,Aishwarya Kumar,Female,54,Erode,Tamil Nadu,Bronze,2025-08-09,Home & Lifestyle,Cotton,Budget,825,345
C01016,Suresh Raj,Male,58,Erode,Tamil Nadu,Silver,2024-02-18,Men,Polyester,Premium,2075,883
C01017,Anitha Murugan,Female,32,Erode,Tamil Nadu,Gold,2025-07-16,Accessories,Polyester,Premium,4180,369
C01018,Priya Iyer,Female,40,Madurai,Tamil Nadu,Silver,2023-12-21,Home & Lifestyle,Cotton,Premium,1521,942
C01019,Ajith Kumar,Male,28,Thanjavur,Tamil Nadu,Bronze,2023-05-29,Men,Silk,Luxury,989,1148
C01020,Praveen Reddy,Male,28,Tiruppur,Tamil Nadu,Silver,2024-09-24,Men,Cotton,Budget,2543,664
C01021,Gokul Babu,Male,39,Kallakurichi,Tamil Nadu,Gold,2024-05-12,Men,Cotton,Budget,5757,799
C01022,Gokul Prasad,Male,50,Erode,Tamil Nadu,Gold,2024-04-11,Men,Linen,Standard,5376,830
C01023,Keerthana Murugan,Female,23,Salem,Tamil Nadu,Silver,2023-05-03,Women,Polyester,Budget,1679,1174
C01024,Vijay Prasad,Male,56,Coimbatore,Tamil Nadu,Bronze,2025-03-10,Home & Lifestyle,Handloom,Standard,566,497
C01025,Rahul Devi,Male,26,Madurai,Tamil Nadu,Bronze,2023-08-27,Home & Lifestyle,Polyester,Standard,781,1058
C01026,Suresh Murugan,Male,20,Tiruppur,Tamil Nadu,Silver,2024-09-27,Men,Polyester,Budget,2050,661
C01027,Sowmya Devi,Female,48,Chennai,Tamil Nadu,Bronze,2023-10-13,Women,Cotton,Premium,677,1011
C01028,Dinesh Mohan,Male,40,Salem,Tamil Nadu,Silver,2025-08-16,Men,Silk,Budget,2838,338
C01029,Gokul Iyer,Male,51,Kallakurichi,Tamil Nadu,Silver,2025-03-10,Men,Cotton,Standard,2051,497
C01030,Manoj Mohan,Male,59,Tirunelveli,Tamil Nadu,Bronze,2025-10-31,Men,Silk,Standard,988,262
C01031,Revathi Raj,Female,46,Chennai,Tamil Nadu,Bronze,2024-06-13,Women,Cotton,Premium,316,767
C01032,Manoj Prasad,Male,37,Kallakurichi,Tamil Nadu,Gold,2024-07-27,Men,Handloom,Budget,6254,723
C01033,Pavithra Raman,Female,63,Villupuram,Tamil Nadu,Silver,2025-07-28,Home & Lifestyle,Cotton,Standard,1551,357
C01034,Rahul Mohan,Male,41,Erode,Tamil Nadu,Bronze,2023-04-03,Home & Lifestyle,Silk,Standard,989,1204
C01035,Ajith Selvi,Male,40,Trichy,Tamil Nadu,Bronze,2023-07-01,Men,Polyester,Budget,283,1115
C01036,Ramesh Murugan,Male,42,Kanchipuram,Tamil Nadu,Bronze,2024-12-13,Home & Lifestyle,Polyester,Standard,3,584
C01037,Anitha Krishnan,Female,33,Hosur,Tamil Nadu,Bronze,2023-09-26,Kids,Polyester,Budget,678,1028
C01038,Kavya Kumar,Female,44,Chennai,Tamil Nadu,Bronze,2025-08-05,Women,Handloom,Standard,734,349
C01039,Aishwarya Iyer,Female,46,Kanchipuram,Tamil Nadu,Silver,2023-10-14,Women,Handloom,Standard,1502,1010
C01040,Dinesh Reddy,Male,19,Salem,Tamil Nadu,Gold,2024-09-10,Men,Handloom,Standard,6516,678
C01041,Ramesh Nathan,Male,32,Thanjavur,Tamil Nadu,Bronze,2025-07-03,Accessories,Linen,Budget,765,382
C01042,Kavya Raman,Female,50,Kanchipuram,Tamil Nadu,Gold,2023-01-12,Women,Silk,Budget,4259,1285
C01043,Praveen Reddy,Male,22,Vellore,Tamil Nadu,Silver,2025-03-31,Home & Lifestyle,Cotton,Budget,1069,476
C01044,Anitha Mohan,Female,25,Kanchipuram,Tamil Nadu,Silver,2023-11-26,Kids,Linen,Budget,1973,967
C01045,Lakshmi Iyer,Female,43,Villupuram,Tamil Nadu,Bronze,2025-05-03,Women,Handloom,Budget,308,443
C01046,Revathi Mohan,Female,52,Hosur,Tamil Nadu,Bronze,2025-09-21,Kids,Silk,Budget,52,302
C01047,Saravanan Nathan,Male,63,Chennai,Tamil Nadu,Gold,2025-02-08,Men,Handloom,Budget,6995,527
C01048,Hari Selvi,Male,32,Villupuram,Tamil Nadu,Bronze,2023-10-17,Men,Silk,Standard,115,1007
C01049,Priya Krishnan,Female,34,Madurai,Tamil Nadu,Platinum,2023-08-04,Kids,Linen,Premium,14460,1081
C01050,Revathi Iyer,Female,25,Salem,Tamil Nadu,Silver,2024-11-29,Women,Polyester,Standard,2704,598
C01051,Naveen Reddy,Male,58,Erode,Tamil Nadu,Bronze,2025-10-09,Men,Polyester,Premium,938,284
C01052,Anitha Raj,Female,60,Madurai,Tamil Nadu,Gold,2024-02-07,Kids,Handloom,Standard,5075,894
C01053,Nithya Shankar,Female,65,Vellore,Tamil Nadu,Bronze,2023-09-16,Accessories,Linen,Budget,814,1038
C01054,Ramesh Babu,Male,25,Chennai,Tamil Nadu,Bronze,2023-04-05,Men,Linen,Standard,171,1202
C01055,Dinesh Murugan,Male,54,Salem,Tamil Nadu,Bronze,2024-10-16,Men,Handloom,Premium,244,642
C01056,Kavya Devi,Female,40,Kallakurichi,Tamil Nadu,Bronze,2023-01-08,Home & Lifestyle,Silk,Premium,523,1289
C01057,Praveen Prasad,Male,52,Salem,Tamil Nadu,Bronze,2025-05-01,Men,Linen,Budget,778,445
C01058,Anitha Mohan,Female,58,Coimbatore,Tamil Nadu,Gold,2024-12-25,Women,Linen,Standard,3577,572
C01059,Praveen Raman,Male,19,Salem,Tamil Nadu,Gold,2024-01-21,Men,Handloom,Standard,3462,911
C01060,Manoj Nathan,Male,60,Thanjavur,Tamil Nadu,Silver,2023-04-06,Men,Linen,Premium,2006,1201
C01061,Rahul Raman,Male,60,Erode,Tamil Nadu,Bronze,2025-10-26,Accessories,Cotton,Standard,53,267
C01062,Saravanan Shankar,Male,48,Salem,Tamil Nadu,Silver,2023-08-08,Men,Linen,Premium,1382,1077
C01063,Harini Prasad,Female,25,Vellore,Tamil Nadu,Gold,2025-02-11,Women,Silk,Standard,6810,524
C01064,Rahul Raj,Male,64,Erode,Tamil Nadu,Silver,2023-05-30,Men,Silk,Premium,2171,1147
C01065,Nithya Reddy,Female,53,Vellore,Tamil Nadu,Bronze,2023-08-11,Women,Cotton,Standard,595,1074
C01066,Keerthana Prasad,Female,54,Tirunelveli,Tamil Nadu,Silver,2025-07-23,Women,Polyester,Standard,1861,362
C01067,Ajith Prasad,Male,24,Tiruppur,Tamil Nadu,Silver,2023-02-17,Men,Polyester,Standard,2045,1249
C01068,Naveen Reddy,Male,46,Trichy,Tamil Nadu,Platinum,2025-08-16,Accessories,Cotton,Standard,14349,338
C01069,Dinesh Raj,Male,50,Chennai,Tamil Nadu,Bronze,2023-11-25,Men,Silk,Standard,205,968
C01070,Rahul Iyer,Male,62,Kanchipuram,Tamil Nadu,Silver,2025-09-25,Home & Lifestyle,Handloom,Standard,2630,298
C01071,Swathi Vel,Female,38,Karur,Tamil Nadu,Bronze,2025-09-19,Women,Cotton,Premium,169,304
C01072,Manoj Reddy,Male,19,Tiruppur,Tamil Nadu,Platinum,2024-04-27,Men,Polyester,Budget,8723,814
C01073,Swathi Raj,Female,19,Vellore,Tamil Nadu,Bronze,2025-10-14,Women,Silk,Standard,415,279
C01074,Pavithra Kumar,Female,59,Hosur,Tamil Nadu,Silver,2025-12-22,Accessories,Handloom,Standard,1600,210
C01075,Rahul Krishnan,Male,51,Kallakurichi,Tamil Nadu,Bronze,2025-02-14,Men,Silk,Budget,947,521
C01076,Anitha Krishnan,Female,28,Coimbatore,Tamil Nadu,Bronze,2025-10-12,Home & Lifestyle,Polyester,Budget,890,281
C01077,Pavithra Devi,Female,57,Erode,Tamil Nadu,Platinum,2024-04-16,Women,Handloom,Budget,7366,825
C01078,Ramesh Prasad,Male,22,Karur,Tamil Nadu,Gold,2023-12-23,Men,Handloom,Budget,4763,940
C01079,Meena Devi,Female,55,Vellore,Tamil Nadu,Bronze,2024-04-04,Women,Cotton,Premium,505,837
C01080,Ajith Kumar,Male,61,Thanjavur,Tamil Nadu,Silver,2025-01-18,Home & Lifestyle,Cotton,Premium,1353,548
C01081,Manoj Kumar,Male,33,Karur,Tamil Nadu,Silver,2023-02-05,Men,Cotton,Standard,2835,1261
C01082,Nithya Kumar,Female,64,Villupuram,Tamil Nadu,Silver,2023-11-04,Accessories,Polyester,Standard,2624,989
C01083,Gokul Prasad,Male,41,Tirunelveli,Tamil Nadu,Silver,2023-08-30,Men,Handloom,Budget,1684,1055
C01084,Keerthana Murugan,Female,28,Erode,Tamil Nadu,Bronze,2024-07-31,Women,Handloom,Standard,342,719
C01085,Vijay Selvi,Male,25,Tiruppur,Tamil Nadu,Bronze,2025-07-20,Men,Cotton,Standard,131,365
C01086,Deepika Murugan,Female,26,Karur,Tamil Nadu,Gold,2023-01-08,Women,Handloom,Standard,4846,1289
C01087,Nithya Mohan,Female,19,Kallakurichi,Tamil Nadu,Bronze,2023-07-25,Women,Silk,Standard,304,1091
C01088,Nithya Iyer,Female,33,Tiruppur,Tamil Nadu,Bronze,2023-08-17,Women,Silk,Budget,834,1068
C01089,Lakshmi Devi,Female,27,Chennai,Tamil Nadu,Bronze,2024-03-24,Women,Handloom,Luxury,576,848
C01090,Keerthana Murugan,Female,50,Chennai,Tamil Nadu,Bronze,2024-07-03,Women,Linen,Budget,950,747
C01091,Keerthana Kumar,Female,49,Trichy,Tamil Nadu,Bronze,2024-01-02,Women,Cotton,Premium,279,930
C01092,Sowmya Mohan,Female,21,Salem,Tamil Nadu,Silver,2024-05-27,Women,Handloom,Budget,2198,784
C01093,Aishwarya Babu,Female,50,Madurai,Tamil Nadu,Silver,2025-10-06,Women,Cotton,Budget,2930,287
C01094,Pavithra Raj,Female,21,Tiruppur,Tamil Nadu,Gold,2024-12-30,Kids,Cotton,Budget,5049,567
C01095,Gokul Raman,Male,31,Coimbatore,Tamil Nadu,Bronze,2023-11-23,Men,Silk,Standard,765,970
C01096,Nithya Iyer,Female,32,Kallakurichi,Tamil Nadu,Bronze,2024-12-28,Women,Polyester,Standard,147,569
C01097,Saravanan Prasad,Male,46,Chennai,Tamil Nadu,Gold,2024-07-18,Men,Handloom,Budget,3068,732
C01098,Kavya Shankar,Female,45,Trichy,Tamil Nadu,Bronze,2024-07-22,Women,Silk,Standard,955,728
C01099,Hari Nathan,Male,43,Thanjavur,Tamil Nadu,Gold,2023-10-31,Men,Linen,Premium,6928,993
C01100,Rahul Vel,Male,44,Hosur,Tamil Nadu,Silver,2023-12-05,Men,Silk,Standard,1883,958
C01101,Karthik Reddy,Male,34,Kallakurichi,Tamil Nadu,Gold,2023-01-18,Home & Lifestyle,Cotton,Budget,5307,1279
C01102,Hari Krishnan,Male,19,Tiruppur,Tamil Nadu,Silver,2024-03-05,Men,Linen,Budget,1453,867
C01103,Kavya Nathan,Female,18,Tiruppur,Tamil Nadu,Bronze,2024-03-30,Kids,Silk,Standard,146,842
C01104,Vijay Iyer,Male,62,Villupuram,Tamil Nadu,Bronze,2024-11-19,Men,Polyester,Standard,954,608
C01105,Priya Babu,Female,64,Chennai,Tamil Nadu,Bronze,2025-10-30,Women,Cotton,Budget,907,263
C01106,Saravanan Raman,Male,62,Kallakurichi,Tamil Nadu,Silver,2023-07-07,Accessories,Silk,Standard,1836,1109
C01107,Naveen Raman,Male,22,Salem,Tamil Nadu,Bronze,2023-03-24,Men,Silk,Standard,169,1214
C01108,Divya Kumar,Female,52,Villupuram,Tamil Nadu,Bronze,2025-12-07,Women,Cotton,Standard,274,225
C01109,Deepika Raman,Female,20,Kanchipuram,Tamil Nadu,Silver,2023-08-31,Women,Handloom,Standard,2235,1054
C01110,Nithya Raman,Female,55,Tirunelveli,Tamil Nadu,Silver,2025-04-22,Women,Silk,Premium,1675,454
C01111,Harini Kumar,Female,51,Kanchipuram,Tamil Nadu,Silver,2024-08-04,Women,Silk,Standard,1333,715
C01112,Ajith Shankar,Male,65,Hosur,Tamil Nadu,Bronze,2025-03-28,Men,Polyester,Premium,122,479
C01113,Meena Raman,Female,33,Vellore,Tamil Nadu,Silver,2024-09-01,Women,Silk,Standard,1080,687
C01114,Priya Devi,Female,28,Thanjavur,Tamil Nadu,Bronze,2025-01-09,Kids,Linen,Luxury,613,557
C01115,Sowmya Babu,Female,61,Thanjavur,Tamil Nadu,Gold,2023-05-07,Women,Cotton,Budget,5679,1170
C01116,Aishwarya Kumar,Female,55,Erode,Tamil Nadu,Bronze,2023-11-01,Women,Handloom,Premium,527,992
C01117,Naveen Vel,Male,33,Thanjavur,Tamil Nadu,Bronze,2025-12-23,Men,Linen,Budget,403,209
C01118,Karthik Murugan,Male,36,Villupuram,Tamil Nadu,Bronze,2023-03-30,Men,Linen,Budget,217,1208
C01119,Deepika Nathan,Female,49,Chennai,Tamil Nadu,Bronze,2023-04-14,Women,Handloom,Budget,334,1193
C01120,Revathi Iyer,Female,60,Coimbatore,Tamil Nadu,Platinum,2023-02-18,Women,Cotton,Budget,12417,1248
C01121,Sowmya Iyer,Female,44,Coimbatore,Tamil Nadu,Bronze,2024-02-02,Accessories,Cotton,Standard,506,899
C01122,Meena Prasad,Female,45,Hosur,Tamil Nadu,Bronze,2025-03-23,Home & Lifestyle,Cotton,Standard,501,484
C01123,Anitha Reddy,Female,44,Thanjavur,Tamil Nadu,Bronze,2023-03-30,Women,Polyester,Budget,585,1208
C01124,Naveen Selvi,Male,28,Kanchipuram,Tamil Nadu,Gold,2024-11-10,Accessories,Cotton,Budget,5183,617
C01125,Hari Raj,Male,24,Tiruppur,Tamil Nadu,Silver,2023-03-25,Men,Silk,Premium,1815,1213
C01126,Manoj Selvi,Male,60,Coimbatore,Tamil Nadu,Silver,2024-07-17,Men,Cotton,Budget,1255,733
C01127,Ramesh Mohan,Male,47,Thanjavur,Tamil Nadu,Silver,2025-09-05,Men,Handloom,Budget,2188,318
C01128,Karthik Vel,Male,51,Trichy,Tamil Nadu,Bronze,2025-04-12,Home & Lifestyle,Handloom,Standard,456,464
C01129,Naveen Raman,Male,21,Vellore,Tamil Nadu,Gold,2024-10-02,Men,Linen,Standard,3946,656
C01130,Kavya Devi,Female,65,Coimbatore,Tamil Nadu,Gold,2025-06-24,Accessories,Linen,Luxury,5409,391
C01131,Arun Mohan,Male,51,Thanjavur,Tamil Nadu,Bronze,2024-06-12,Men,Polyester,Budget,389,768
C01132,Praveen Shankar,Male,28,Vellore,Tamil Nadu,Bronze,2023-01-13,Men,Cotton,Budget,265,1284
C01133,Praveen Prasad,Male,56,Villupuram,Tamil Nadu,Bronze,2025-11-26,Men,Polyester,Premium,157,236
C01134,Ramesh Nathan,Male,39,Hosur,Tamil Nadu,Bronze,2025-11-17,Men,Polyester,Standard,503,245
C01135,Aishwarya Krishnan,Female,25,Salem,Tamil Nadu,Silver,2024-04-14,Kids,Silk,Budget,2749,827
C01136,Meena Raman,Female,65,Tiruppur,Tamil Nadu,Silver,2023-05-20,Women,Cotton,Standard,2273,1157
C01137,Sowmya Babu,Female,51,Thanjavur,Tamil Nadu,Bronze,2025-04-16,Women,Silk,Standard,607,460
C01138,Priya Raman,Female,59,Chennai,Tamil Nadu,Silver,2023-11-20,Kids,Linen,Budget,2217,973
C01139,Sowmya Shankar,Female,60,Kanchipuram,Tamil Nadu,Gold,2023-05-29,Home & Lifestyle,Handloom,Standard,5741,1148
C01140,Priya Shankar,Female,48,Thanjavur,Tamil Nadu,Silver,2024-08-09,Women,Cotton,Budget,1736,710
C01141,Ramesh Mohan,Male,32,Coimbatore,Tamil Nadu,Silver,2024-02-15,Home & Lifestyle,Linen,Standard,2172,886
C01142,Arun Krishnan,Male,47,Tiruppur,Tamil Nadu,Silver,2024-03-14,Accessories,Cotton,Standard,2657,858
C01143,Keerthana Nathan,Female,32,Vellore,Tamil Nadu,Bronze,2024-10-28,Home & Lifestyle,Silk,Standard,879,630
C01144,Saravanan Raj,Male,22,Coimbatore,Tamil Nadu,Bronze,2025-04-06,Accessories,Polyester,Premium,107,470
C01145,Gokul Raj,Male,63,Kanchipuram,Tamil Nadu,Gold,2024-07-22,Men,Cotton,Budget,4183,728
C01146,Rahul Mohan,Male,27,Madurai,Tamil Nadu,Silver,2023-08-18,Men,Silk,Premium,1713,1067
C01147,Deepika Selvi,Female,39,Tirunelveli,Tamil Nadu,Bronze,2024-04-19,Women,Silk,Budget,790,822
C01148,Keerthana Kumar,Female,62,Villupuram,Tamil Nadu,Platinum,2024-09-14,Kids,Handloom,Premium,9362,674
C01149,Suresh Shankar,Male,34,Trichy,Tamil Nadu,Bronze,2023-08-17,Men,Cotton,Premium,132,1068
C01150,Revathi Selvi,Female,63,Kallakurichi,Tamil Nadu,Gold,2024-04-12,Women,Polyester,Budget,6142,829
C01151,Anitha Iyer,Female,43,Vellore,Tamil Nadu,Gold,2025-01-16,Accessories,Linen,Premium,5269,550
C01152,Anitha Raman,Female,25,Chennai,Tamil Nadu,Gold,2024-07-05,Women,Cotton,Budget,3133,745
C01153,Vijay Vel,Male,24,Kanchipuram,Tamil Nadu,Bronze,2024-09-01,Men,Polyester,Premium,773,687
C01154,Kavya Devi,Female,21,Vellore,Tamil Nadu,Bronze,2024-02-14,Kids,Linen,Budget,428,887
C01155,Divya Raman,Female,37,Hosur,Tamil Nadu,Silver,2023-01-04,Home & Lifestyle,Handloom,Premium,2716,1293
C01156,Saravanan Shankar,Male,21,Salem,Tamil Nadu,Platinum,2024-08-20,Accessories,Polyester,Standard,11387,699
C01157,Aishwarya Devi,Female,18,Kallakurichi,Tamil Nadu,Gold,2024-11-06,Women,Handloom,Standard,3091,621
C01158,Keerthana Reddy,Female,53,Karur,Tamil Nadu,Bronze,2025-07-31,Accessories,Linen,Standard,982,354
C01159,Priya Selvi,Female,29,Thanjavur,Tamil Nadu,Bronze,2023-10-11,Women,Cotton,Standard,447,1013
C01160,Keerthana Babu,Female,31,Erode,Tamil Nadu,Silver,2024-01-08,Women,Polyester,Budget,1625,924
C01161,Praveen Vel,Male,18,Chennai,Tamil Nadu,Bronze,2024-03-14,Men,Cotton,Budget,248,858
C01162,Praveen Shankar,Male,29,Thanjavur,Tamil Nadu,Bronze,2025-04-04,Men,Handloom,Premium,732,472
C01163,Saravanan Iyer,Male,22,Coimbatore,Tamil Nadu,Bronze,2023-03-19,Accessories,Handloom,Budget,818,1219
C01164,Keerthana Babu,Female,56,Chennai,Tamil Nadu,Gold,2025-08-20,Women,Linen,Standard,6113,334
C01165,Rahul Iyer,Male,59,Kanchipuram,Tamil Nadu,Bronze,2024-05-06,Accessories,Linen,Budget,304,805
C01166,Gokul Kumar,Male,19,Villupuram,Tamil Nadu,Gold,2025-02-06,Men,Silk,Standard,3463,529
C01167,Pavithra Iyer,Female,35,Vellore,Tamil Nadu,Silver,2025-08-22,Women,Handloom,Standard,2405,332
C01168,Anitha Raman,Female,30,Madurai,Tamil Nadu,Bronze,2023-09-09,Women,Polyester,Standard,9,1045
C01169,Priya Krishnan,Female,60,Tiruppur,Tamil Nadu,Gold,2023-10-19,Home & Lifestyle,Handloom,Budget,3207,1005
C01170,Ramesh Murugan,Male,48,Tirunelveli,Tamil Nadu,Silver,2023-10-11,Men,Cotton,Budget,2234,1013
C01171,Revathi Raj,Female,64,Chennai,Tamil Nadu,Bronze,2024-10-16,Women,Linen,Premium,807,642
C01172,Priya Vel,Female,20,Trichy,Tamil Nadu,Bronze,2024-01-03,Kids,Handloom,Standard,530,929
C01173,Revathi Selvi,Female,60,Thanjavur,Tamil Nadu,Bronze,2024-05-24,Women,Silk,Premium,472,787
C01174,Kavya Shankar,Female,52,Kallakurichi,Tamil Nadu,Silver,2023-04-18,Kids,Cotton,Budget,2411,1189
C01175,Gokul Devi,Male,65,Hosur,Tamil Nadu,Bronze,2025-07-25,Men,Silk,Budget,145,360
C01176,Praveen Krishnan,Male,63,Coimbatore,Tamil Nadu,Bronze,2024-02-27,Home & Lifestyle,Silk,Standard,60,874
C01177,Hari Shankar,Male,47,Karur,Tamil Nadu,Bronze,2024-11-04,Men,Silk,Standard,785,623
C01178,Aishwarya Krishnan,Female,32,Coimbatore,Tamil Nadu,Bronze,2025-10-14,Home & Lifestyle,Silk,Budget,567,279
C01179,Deepika Nathan,Female,54,Chennai,Tamil Nadu,Bronze,2023-08-12,Women,Linen,Budget,511,1073
C01180,Karthik Shankar,Male,25,Kanchipuram,Tamil Nadu,Bronze,2023-08-15,Men,Silk,Premium,952,1070
C01181,Praveen Kumar,Male,60,Thanjavur,Tamil Nadu,Silver,2023-04-16,Men,Silk,Standard,2940,1191
C01182,Hari Selvi,Male,64,Tirunelveli,Tamil Nadu,Silver,2024-10-18,Men,Silk,Standard,1132,640
C01183,Kavya Devi,Female,42,Karur,Tamil Nadu,Silver,2023-06-16,Women,Linen,Premium,1702,1130
C01184,Aishwarya Murugan,Female,65,Tiruppur,Tamil Nadu,Bronze,2023-09-07,Home & Lifestyle,Polyester,Budget,437,1047
C01185,Lakshmi Kumar,Female,38,Hosur,Tamil Nadu,Silver,2023-05-28,Women,Silk,Standard,1644,1149
C01186,Lakshmi Devi,Female,24,Hosur,Tamil Nadu,Bronze,2024-09-13,Women,Handloom,Budget,816,675
C01187,Lakshmi Iyer,Female,59,Thanjavur,Tamil Nadu,Bronze,2025-08-03,Women,Linen,Standard,501,351
C01188,Ajith Selvi,Male,63,Tirunelveli,Tamil Nadu,Bronze,2025-01-05,Men,Silk,Budget,802,561
C01189,Sowmya Nathan,Female,59,Vellore,Tamil Nadu,Bronze,2025-09-08,Women,Silk,Standard,206,315
C01190,Revathi Murugan,Female,24,Kanchipuram,Tamil Nadu,Bronze,2023-06-17,Women,Linen,Standard,35,1129
C01191,Priya Raman,Female,35,Karur,Tamil Nadu,Silver,2025-07-26,Kids,Linen,Standard,1014,359
C01192,Suresh Devi,Male,52,Karur,Tamil Nadu,Silver,2025-10-09,Men,Linen,Premium,2792,284
C01193,Swathi Raman,Female,43,Kallakurichi,Tamil Nadu,Gold,2023-10-03,Women,Linen,Standard,5028,1021
C01194,Saravanan Reddy,Male,27,Kanchipuram,Tamil Nadu,Silver,2023-09-09,Men,Silk,Standard,2069,1045
C01195,Meena Nathan,Female,34,Karur,Tamil Nadu,Bronze,2024-04-04,Women,Handloom,Standard,147,837
C01196,Sowmya Devi,Female,56,Vellore,Tamil Nadu,Silver,2023-01-09,Accessories,Silk,Budget,1712,1288
C01197,Saravanan Murugan,Male,50,Coimbatore,Tamil Nadu,Silver,2023-09-11,Accessories,Cotton,Premium,1662,1043
C01198,Sowmya Raman,Female,27,Vellore,Tamil Nadu,Bronze,2025-09-14,Women,Cotton,Standard,73,309
C01199,Aishwarya Mohan,Female,45,Madurai,Tamil Nadu,Gold,2025-02-03,Accessories,Cotton,Budget,4116,532
C01200,Keerthana Selvi,Female,52,Kallakurichi,Tamil Nadu,Platinum,2024-04-20,Accessories,Silk,Budget,10631,821
C01201,Keerthana Prasad,Female,33,Erode,Tamil Nadu,Bronze,2025-10-28,Women,Silk,Budget,793,265
C01202,Ramesh Reddy,Male,43,Tirunelveli,Tamil Nadu,Bronze,2025-06-21,Men,Silk,Standard,844,394
C01203,Harini Vel,Female,53,Erode,Tamil Nadu,Bronze,2024-01-06,Women,Silk,Standard,241,926
C01204,Kavya Raman,Female,49,Kallakurichi,Tamil Nadu,Silver,2025-12-10,Women,Silk,Budget,1876,222
C01205,Suresh Iyer,Male,22,Villupuram,Tamil Nadu,Bronze,2024-10-07,Home & Lifestyle,Linen,Budget,69,651
C01206,Anitha Mohan,Female,18,Vellore,Tamil Nadu,Bronze,2024-03-02,Home & Lifestyle,Silk,Standard,423,870
C01207,Hari Mohan,Male,46,Tirunelveli,Tamil Nadu,Gold,2024-04-04,Men,Silk,Budget,4104,837
C01208,Saravanan Vel,Male,19,Trichy,Tamil Nadu,Platinum,2024-10-06,Men,Polyester,Premium,7007,652
C01209,Revathi Selvi,Female,60,Coimbatore,Tamil Nadu,Bronze,2025-03-03,Women,Silk,Budget,72,504
C01210,Keerthana Mohan,Female,46,Hosur,Tamil Nadu,Bronze,2025-11-23,Women,Handloom,Standard,0,239
C01211,Priya Raj,Female,39,Trichy,Tamil Nadu,Bronze,2024-09-06,Women,Handloom,Budget,849,682
C01212,Gokul Raj,Male,60,Thanjavur,Tamil Nadu,Silver,2023-01-23,Men,Linen,Luxury,1912,1274
C01213,Aishwarya Raj,Female,40,Erode,Tamil Nadu,Silver,2024-04-11,Women,Handloom,Standard,1524,830
C01214,Kavya Kumar,Female,22,Chennai,Tamil Nadu,Platinum,2024-02-18,Women,Cotton,Budget,13356,883
C01215,Kishore Iyer,Male,44,Trichy,Tamil Nadu,Bronze,2023-09-02,Men,Cotton,Standard,92,1052
C01216,Keerthana Prasad,Female,42,Karur,Tamil Nadu,Bronze,2025-04-05,Women,Polyester,Premium,314,471
C01217,Keerthana Devi,Female,18,Coimbatore,Tamil Nadu,Silver,2024-05-19,Kids,Silk,Standard,1051,792
C01218,Arun Raj,Male,60,Kanchipuram,Tamil Nadu,Silver,2024-03-11,Men,Handloom,Budget,2772,861
C01219,Sowmya Krishnan,Female,63,Kanchipuram,Tamil Nadu,Silver,2023-08-08,Kids,Polyester,Standard,1805,1077
C01220,Hari Mohan,Male,27,Villupuram,Tamil Nadu,Silver,2025-07-13,Men,Linen,Premium,2647,372
C01221,Divya Iyer,Female,28,Tiruppur,Tamil Nadu,Silver,2025-02-22,Women,Silk,Budget,1152,513
C01222,Anitha Selvi,Female,56,Trichy,Tamil Nadu,Bronze,2024-02-17,Women,Cotton,Budget,426,884
C01223,Lakshmi Mohan,Female,56,Kanchipuram,Tamil Nadu,Bronze,2025-09-29,Kids,Cotton,Budget,217,294
C01224,Karthik Shankar,Male,22,Tiruppur,Tamil Nadu,Gold,2024-11-27,Men,Polyester,Budget,3668,600
C01225,Dinesh Babu,Male,29,Vellore,Tamil Nadu,Silver,2023-05-21,Accessories,Polyester,Standard,1930,1156
C01226,Kishore Mohan,Male,42,Madurai,Tamil Nadu,Bronze,2024-05-02,Men,Linen,Standard,976,809
C01227,Pavithra Selvi,Female,59,Madurai,Tamil Nadu,Silver,2024-09-30,Kids,Cotton,Luxury,2364,658
C01228,Manoj Murugan,Male,38,Chennai,Tamil Nadu,Bronze,2025-10-25,Men,Handloom,Standard,184,268
C01229,Gokul Murugan,Male,34,Hosur,Tamil Nadu,Bronze,2024-01-20,Men,Polyester,Budget,649,912
C01230,Ramesh Shankar,Male,60,Tiruppur,Tamil Nadu,Bronze,2023-12-17,Men,Linen,Budget,475,946
C01231,Nithya Iyer,Female,53,Hosur,Tamil Nadu,Bronze,2025-08-17,Women,Silk,Luxury,653,337
C01232,Rahul Krishnan,Male,33,Tiruppur,Tamil Nadu,Silver,2023-08-19,Home & Lifestyle,Handloom,Standard,2453,1066
C01233,Sowmya Reddy,Female,41,Tirunelveli,Tamil Nadu,Silver,2024-01-07,Women,Handloom,Standard,2263,925
C01234,Hari Kumar,Male,35,Trichy,Tamil Nadu,Gold,2024-07-27,Men,Cotton,Standard,6934,723
C01235,Divya Murugan,Female,27,Trichy,Tamil Nadu,Bronze,2025-02-12,Women,Polyester,Budget,400,523
C01236,Karthik Raj,Male,35,Karur,Tamil Nadu,Bronze,2023-03-14,Men,Linen,Budget,545,1224
C01237,Gokul Reddy,Male,54,Chennai,Tamil Nadu,Silver,2023-06-19,Men,Polyester,Premium,2681,1127
C01238,Swathi Shankar,Female,51,Kanchipuram,Tamil Nadu,Silver,2024-12-27,Kids,Handloom,Budget,2796,570
C01239,Gokul Krishnan,Male,65,Kanchipuram,Tamil Nadu,Bronze,2024-04-21,Men,Cotton,Budget,745,820
C01240,Karthik Shankar,Male,52,Tiruppur,Tamil Nadu,Bronze,2023-04-06,Men,Silk,Premium,43,1201
C01241,Meena Iyer,Female,35,Kanchipuram,Tamil Nadu,Bronze,2025-12-06,Accessories,Cotton,Premium,352,226
C01242,Karthik Babu,Male,28,Trichy,Tamil Nadu,Bronze,2025-05-10,Men,Handloom,Standard,152,436
C01243,Nithya Vel,Female,55,Karur,Tamil Nadu,Bronze,2025-10-06,Women,Linen,Standard,984,287
C01244,Sowmya Iyer,Female,51,Tiruppur,Tamil Nadu,Bronze,2023-10-04,Women,Handloom,Standard,849,1020
C01245,Nithya Devi,Female,60,Villupuram,Tamil Nadu,Bronze,2023-08-22,Women,Silk,Budget,780,1063
C01246,Vijay Kumar,Male,28,Kallakurichi,Tamil Nadu,Bronze,2024-02-16,Men,Linen,Standard,410,885
C01247,Manoj Prasad,Male,25,Chennai,Tamil Nadu,Bronze,2023-02-04,Men,Linen,Standard,877,1262
C01248,Vijay Raman,Male,61,Thanjavur,Tamil Nadu,Silver,2025-03-23,Accessories,Handloom,Budget,2882,484
C01249,Rahul Devi,Male,45,Chennai,Tamil Nadu,Silver,2023-04-29,Home & Lifestyle,Linen,Luxury,1786,1178
C01250,Saravanan Raj,Male,25,Hosur,Tamil Nadu,Bronze,2025-08-31,Men,Linen,Budget,140,323
C01251,Saravanan Reddy,Male,41,Karur,Tamil Nadu,Bronze,2024-08-09,Men,Cotton,Standard,95,710
C01252,Sowmya Iyer,Female,55,Thanjavur,Tamil Nadu,Bronze,2023-05-28,Kids,Polyester,Budget,49,1149
C01253,Pavithra Mohan,Female,26,Vellore,Tamil Nadu,Silver,2024-04-14,Women,Polyester,Budget,2595,827
C01254,Ramesh Shankar,Male,48,Tirunelveli,Tamil Nadu,Bronze,2023-04-26,Men,Polyester,Budget,153,1181
C01255,Manoj Mohan,Male,51,Kallakurichi,Tamil Nadu,Silver,2025-08-14,Men,Linen,Standard,1434,340
C01256,Arun Kumar,Male,31,Madurai,Tamil Nadu,Silver,2025-12-22,Men,Silk,Standard,2668,210
C01257,Harini Nathan,Female,36,Kanchipuram,Tamil Nadu,Silver,2025-08-19,Women,Polyester,Budget,2549,335
C01258,Meena Raj,Female,36,Vellore,Tamil Nadu,Platinum,2023-07-26,Kids,Handloom,Standard,13641,1090
C01259,Ramesh Kumar,Male,51,Thanjavur,Tamil Nadu,Silver,2025-01-14,Accessories,Handloom,Premium,1557,552
C01260,Dinesh Nathan,Male,36,Coimbatore,Tamil Nadu,Silver,2023-05-16,Men,Polyester,Standard,1703,1161
C01261,Harini Babu,Female,39,Kanchipuram,Tamil Nadu,Silver,2023-03-31,Women,Linen,Standard,2425,1207
C01262,Saravanan Devi,Male,50,Kanchipuram,Tamil Nadu,Bronze,2025-01-27,Accessories,Handloom,Standard,243,539
C01263,Dinesh Raj,Male,30,Villupuram,Tamil Nadu,Bronze,2025-12-07,Men,Cotton,Budget,593,225
C01264,Priya Raman,Female,22,Hosur,Tamil Nadu,Bronze,2024-01-26,Women,Polyester,Standard,595,906
C01265,Naveen Mohan,Male,61,Hosur,Tamil Nadu,Platinum,2023-06-29,Accessories,Cotton,Standard,10789,1117
C01266,Hari Vel,Male,38,Kallakurichi,Tamil Nadu,Platinum,2025-07-01,Men,Cotton,Premium,12239,384
C01267,Gokul Raj,Male,27,Thanjavur,Tamil Nadu,Platinum,2023-02-13,Men,Polyester,Budget,8166,1253
C01268,Harini Nathan,Female,57,Salem,Tamil Nadu,Silver,2025-08-24,Women,Cotton,Standard,2538,330
C01269,Meena Raj,Female,59,Thanjavur,Tamil Nadu,Silver,2024-07-18,Women,Polyester,Budget,1410,732
C01270,Ajith Selvi,Male,33,Vellore,Tamil Nadu,Silver,2025-08-27,Men,Linen,Budget,1067,327
C01271,Keerthana Devi,Female,36,Karur,Tamil Nadu,Gold,2024-01-01,Women,Polyester,Standard,5214,931
C01272,Priya Nathan,Female,62,Erode,Tamil Nadu,Silver,2025-08-15,Kids,Silk,Standard,2949,339
C01273,Vijay Reddy,Male,50,Coimbatore,Tamil Nadu,Gold,2024-12-29,Accessories,Cotton,Budget,3021,568
C01274,Gokul Prasad,Male,45,Salem,Tamil Nadu,Bronze,2023-02-22,Men,Silk,Standard,680,1244
C01275,Hari Prasad,Male,29,Chennai,Tamil Nadu,Bronze,2025-11-02,Home & Lifestyle,Cotton,Standard,694,260
C01276,Aishwarya Raj,Female,40,Kallakurichi,Tamil Nadu,Bronze,2023-06-11,Kids,Silk,Premium,64,1135
C01277,Gokul Kumar,Male,46,Vellore,Tamil Nadu,Bronze,2024-02-08,Men,Handloom,Budget,22,893
C01278,Anitha Reddy,Female,48,Tirunelveli,Tamil Nadu,Bronze,2023-01-24,Kids,Cotton,Premium,377,1273
C01279,Rahul Reddy,Male,38,Thanjavur,Tamil Nadu,Gold,2024-05-05,Men,Linen,Standard,4131,806
C01280,Suresh Devi,Male,50,Trichy,Tamil Nadu,Silver,2023-01-21,Men,Handloom,Budget,2815,1276
C01281,Deepika Krishnan,Female,36,Salem,Tamil Nadu,Silver,2023-03-31,Accessories,Polyester,Budget,1060,1207
C01282,Naveen Iyer,Male,46,Kanchipuram,Tamil Nadu,Bronze,2023-04-23,Accessories,Handloom,Budget,172,1184
C01283,Nithya Iyer,Female,26,Madurai,Tamil Nadu,Bronze,2023-12-24,Women,Linen,Standard,887,939
C01284,Ajith Vel,Male,20,Thanjavur,Tamil Nadu,Bronze,2025-07-11,Men,Silk,Standard,151,374
C01285,Vijay Shankar,Male,35,Kanchipuram,Tamil Nadu,Bronze,2023-01-03,Men,Polyester,Luxury,472,1294
C01286,Revathi Vel,Female,37,Hosur,Tamil Nadu,Bronze,2023-07-31,Women,Handloom,Standard,460,1085
C01287,Rahul Selvi,Male,51,Tirunelveli,Tamil Nadu,Bronze,2025-06-01,Men,Polyester,Budget,775,414
C01288,Deepika Kumar,Female,52,Villupuram,Tamil Nadu,Silver,2023-10-31,Home & Lifestyle,Silk,Budget,2854,993
C01289,Manoj Raj,Male,49,Salem,Tamil Nadu,Gold,2024-10-19,Men,Linen,Standard,6143,639
C01290,Swathi Prasad,Female,55,Thanjavur,Tamil Nadu,Platinum,2023-04-06,Women,Cotton,Premium,8569,1201
C01291,Harini Prasad,Female,53,Thanjavur,Tamil Nadu,Bronze,2024-02-03,Kids,Polyester,Standard,581,898
C01292,Nithya Kumar,Female,50,Trichy,Tamil Nadu,Bronze,2024-11-05,Women,Polyester,Budget,823,622
C01293,Gokul Vel,Male,56,Kallakurichi,Tamil Nadu,Silver,2024-12-11,Men,Silk,Premium,2212,586
C01294,Kavya Murugan,Female,61,Villupuram,Tamil Nadu,Platinum,2024-01-16,Women,Cotton,Standard,9418,916
C01295,Kavya Mohan,Female,27,Trichy,Tamil Nadu,Gold,2023-08-30,Women,Polyester,Standard,4335,1055
C01296,Anitha Vel,Female,45,Hosur,Tamil Nadu,Gold,2024-06-11,Accessories,Silk,Budget,4902,769
C01297,Vijay Babu,Male,65,Tiruppur,Tamil Nadu,Silver,2024-02-24,Men,Silk,Budget,2017,877
C01298,Sowmya Babu,Female,24,Madurai,Tamil Nadu,Bronze,2023-01-03,Women,Linen,Standard,882,1294
C01299,Naveen Nathan,Male,58,Erode,Tamil Nadu,Silver,2025-03-06,Men,Cotton,Standard,2318,501
C01300,Pavithra Nathan,Female,34,Tiruppur,Tamil Nadu,Bronze,2025-01-18,Kids,Linen,Budget,825,548
C01301,Karthik Shankar,Male,23,Villupuram,Tamil Nadu,Silver,2024-02-04,Men,Polyester,Standard,1398,897
C01302,Dinesh Murugan,Male,38,Kanchipuram,Tamil Nadu,Gold,2023-09-17,Men,Handloom,Standard,3520,1037
C01303,Suresh Krishnan,Male,19,Karur,Tamil Nadu,Bronze,2025-04-23,Accessories,Silk,Standard,331,453
C01304,Keerthana Krishnan,Female,62,Salem,Tamil Nadu,Gold,2023-03-23,Women,Cotton,Luxury,6961,1215
C01305,Gokul Prasad,Male,61,Coimbatore,Tamil Nadu,Gold,2024-04-13,Men,Cotton,Standard,4523,828
C01306,Priya Nathan,Female,47,Villupuram,Tamil Nadu,Bronze,2025-02-16,Accessories,Silk,Standard,320,519
C01307,Hari Prasad,Male,62,Vellore,Tamil Nadu,Silver,2025-04-09,Men,Linen,Standard,1377,467
C01308,Lakshmi Babu,Female,57,Tiruppur,Tamil Nadu,Bronze,2024-03-30,Women,Silk,Standard,173,842
C01309,Deepika Devi,Female,40,Villupuram,Tamil Nadu,Bronze,2024-03-22,Kids,Cotton,Luxury,510,850
C01310,Rahul Prasad,Male,58,Madurai,Tamil Nadu,Silver,2024-02-22,Men,Cotton,Budget,2219,879
C01311,Lakshmi Raj,Female,46,Trichy,Tamil Nadu,Silver,2023-01-10,Women,Linen,Budget,1602,1287
C01312,Sowmya Babu,Female,48,Tiruppur,Tamil Nadu,Gold,2025-03-10,Home & Lifestyle,Polyester,Budget,3556,497
C01313,Deepika Mohan,Female,42,Trichy,Tamil Nadu,Bronze,2023-05-06,Accessories,Silk,Budget,874,1171
C01314,Saravanan Iyer,Male,60,Salem,Tamil Nadu,Gold,2023-03-16,Men,Silk,Standard,4278,1222
C01315,Kishore Nathan,Male,61,Erode,Tamil Nadu,Bronze,2025-01-07,Men,Cotton,Budget,384,559
C01316,Deepika Shankar,Female,55,Chennai,Tamil Nadu,Bronze,2024-03-18,Women,Handloom,Budget,91,854
C01317,Kishore Prasad,Male,37,Kallakurichi,Tamil Nadu,Silver,2024-12-25,Men,Polyester,Standard,2877,572
C01318,Vijay Vel,Male,60,Madurai,Tamil Nadu,Gold,2025-06-18,Accessories,Polyester,Standard,3791,397
C01319,Gokul Babu,Male,44,Vellore,Tamil Nadu,Bronze,2025-09-05,Men,Handloom,Premium,110,318
C01320,Revathi Raj,Female,22,Chennai,Tamil Nadu,Bronze,2024-07-29,Women,Linen,Budget,870,721
C01321,Harini Prasad,Female,32,Chennai,Tamil Nadu,Gold,2024-04-16,Accessories,Polyester,Luxury,6295,825
C01322,Kavya Babu,Female,62,Karur,Tamil Nadu,Bronze,2024-12-06,Women,Handloom,Budget,146,591
C01323,Rahul Kumar,Male,19,Madurai,Tamil Nadu,Bronze,2023-08-13,Men,Polyester,Budget,936,1072
C01324,Nithya Raman,Female,24,Villupuram,Tamil Nadu,Bronze,2024-05-30,Home & Lifestyle,Polyester,Standard,102,781
C01325,Divya Iyer,Female,43,Chennai,Tamil Nadu,Bronze,2023-12-24,Women,Silk,Standard,947,939
C01326,Ramesh Krishnan,Male,30,Kallakurichi,Tamil Nadu,Bronze,2024-08-13,Men,Polyester,Standard,870,706
C01327,Lakshmi Prasad,Female,47,Tiruppur,Tamil Nadu,Gold,2023-09-10,Accessories,Linen,Budget,5043,1044
C01328,Anitha Kumar,Female,58,Madurai,Tamil Nadu,Silver,2025-05-15,Women,Polyester,Standard,1622,431
C01329,Rahul Kumar,Male,33,Trichy,Tamil Nadu,Silver,2025-08-14,Men,Silk,Standard,1752,340
C01330,Arun Raj,Male,60,Erode,Tamil Nadu,Silver,2023-11-08,Men,Cotton,Budget,1100,985
C01331,Swathi Mohan,Female,56,Hosur,Tamil Nadu,Bronze,2025-05-17,Women,Cotton,Budget,775,429
C01332,Pavithra Kumar,Female,30,Vellore,Tamil Nadu,Silver,2023-10-18,Accessories,Silk,Premium,2924,1006
C01333,Manoj Prasad,Male,55,Madurai,Tamil Nadu,Gold,2025-04-09,Men,Silk,Standard,4079,467
C01334,Suresh Nathan,Male,41,Villupuram,Tamil Nadu,Bronze,2025-11-20,Men,Polyester,Budget,476,242
C01335,Deepika Krishnan,Female,49,Salem,Tamil Nadu,Silver,2024-04-21,Women,Cotton,Budget,1127,820
C01336,Kavya Devi,Female,57,Vellore,Tamil Nadu,Bronze,2023-08-16,Kids,Cotton,Budget,95,1069
C01337,Arun Vel,Male,33,Villupuram,Tamil Nadu,Silver,2025-02-21,Men,Cotton,Standard,2832,514
C01338,Praveen Shankar,Male,25,Chennai,Tamil Nadu,Silver,2024-07-13,Men,Cotton,Standard,1655,737
C01339,Swathi Kumar,Female,20,Chennai,Tamil Nadu,Bronze,2023-12-05,Kids,Polyester,Standard,194,958
C01340,Rahul Mohan,Male,25,Thanjavur,Tamil Nadu,Silver,2025-03-15,Accessories,Linen,Premium,1491,492
C01341,Karthik Devi,Male,53,Hosur,Tamil Nadu,Silver,2025-07-29,Men,Linen,Budget,1997,356
C01342,Harini Iyer,Female,25,Tirunelveli,Tamil Nadu,Bronze,2024-03-02,Home & Lifestyle,Polyester,Budget,773,870
C01343,Suresh Devi,Male,41,Coimbatore,Tamil Nadu,Bronze,2023-05-06,Home & Lifestyle,Polyester,Standard,255,1171
C01344,Ajith Nathan,Male,41,Kallakurichi,Tamil Nadu,Bronze,2023-11-21,Home & Lifestyle,Polyester,Premium,419,972
C01345,Aishwarya Devi,Female,26,Villupuram,Tamil Nadu,Silver,2024-01-30,Women,Polyester,Luxury,1448,902
C01346,Aishwarya Vel,Female,50,Thanjavur,Tamil Nadu,Bronze,2025-08-08,Women,Polyester,Budget,856,346
C01347,Pavithra Reddy,Female,37,Coimbatore,Tamil Nadu,Gold,2024-06-17,Women,Handloom,Premium,3842,763
C01348,Dinesh Reddy,Male,63,Villupuram,Tamil Nadu,Bronze,2024-02-29,Men,Linen,Standard,421,872
C01349,Nithya Iyer,Female,60,Hosur,Tamil Nadu,Silver,2024-12-15,Home & Lifestyle,Polyester,Budget,1207,582
C01350,Gokul Nathan,Male,56,Hosur,Tamil Nadu,Bronze,2023-01-22,Men,Handloom,Standard,238,1275
C01351,Dinesh Selvi,Male,58,Erode,Tamil Nadu,Bronze,2023-06-23,Men,Silk,Luxury,283,1123
C01352,Priya Kumar,Female,28,Kallakurichi,Tamil Nadu,Silver,2023-10-26,Women,Linen,Standard,1563,998
C01353,Priya Shankar,Female,40,Salem,Tamil Nadu,Bronze,2024-09-16,Women,Linen,Budget,276,672
C01354,Aishwarya Raman,Female,26,Kanchipuram,Tamil Nadu,Gold,2025-09-26,Kids,Polyester,Standard,3216,297
C01355,Keerthana Prasad,Female,23,Tiruppur,Tamil Nadu,Bronze,2025-11-26,Women,Handloom,Budget,138,236
C01356,Pavithra Vel,Female,36,Tirunelveli,Tamil Nadu,Bronze,2025-11-18,Women,Linen,Standard,624,244
C01357,Manoj Nathan,Male,45,Thanjavur,Tamil Nadu,Gold,2023-07-26,Men,Linen,Standard,5854,1090
C01358,Gokul Iyer,Male,46,Coimbatore,Tamil Nadu,Bronze,2025-04-02,Men,Linen,Premium,991,474
C01359,Praveen Raj,Male,25,Tirunelveli,Tamil Nadu,Bronze,2023-05-29,Men,Cotton,Budget,539,1148
C01360,Vijay Devi,Male,50,Kallakurichi,Tamil Nadu,Bronze,2024-02-05,Men,Handloom,Budget,106,896
C01361,Ajith Raman,Male,57,Kallakurichi,Tamil Nadu,Gold,2025-05-26,Men,Linen,Standard,4891,420
C01362,Harini Mohan,Female,48,Tirunelveli,Tamil Nadu,Platinum,2025-02-03,Kids,Polyester,Standard,8233,532
C01363,Praveen Devi,Male,63,Thanjavur,Tamil Nadu,Bronze,2025-10-05,Men,Polyester,Budget,766,288
C01364,Kavya Krishnan,Female,40,Trichy,Tamil Nadu,Bronze,2024-05-03,Women,Linen,Budget,999,808
C01365,Hari Raman,Male,42,Vellore,Tamil Nadu,Silver,2024-11-23,Men,Cotton,Budget,1552,604
C01366,Gokul Mohan,Male,40,Hosur,Tamil Nadu,Bronze,2023-05-22,Men,Polyester,Budget,254,1155
C01367,Revathi Mohan,Female,46,Kanchipuram,Tamil Nadu,Bronze,2024-04-18,Women,Linen,Standard,561,823
C01368,Vijay Selvi,Male,53,Chennai,Tamil Nadu,Bronze,2024-01-01,Men,Handloom,Standard,698,931
C01369,Deepika Reddy,Female,25,Erode,Tamil Nadu,Bronze,2024-08-10,Women,Handloom,Premium,293,709
C01370,Manoj Krishnan,Male,62,Kallakurichi,Tamil Nadu,Platinum,2024-05-26,Men,Cotton,Budget,14669,785
C01371,Arun Murugan,Male,24,Tirunelveli,Tamil Nadu,Gold,2023-04-17,Accessories,Handloom,Standard,3972,1190
C01372,Sowmya Raman,Female,60,Erode,Tamil Nadu,Silver,2025-11-01,Women,Silk,Budget,2655,261
C01373,Meena Nathan,Female,48,Kallakurichi,Tamil Nadu,Platinum,2024-04-20,Home & Lifestyle,Cotton,Standard,8955,821
C01374,Sowmya Vel,Female,58,Kanchipuram,Tamil Nadu,Bronze,2024-05-09,Women,Cotton,Budget,908,802
C01375,Rahul Raman,Male,28,Tiruppur,Tamil Nadu,Gold,2023-12-03,Men,Cotton,Luxury,3337,960
C01376,Keerthana Vel,Female,35,Madurai,Tamil Nadu,Gold,2025-02-27,Kids,Cotton,Standard,4504,508
C01377,Praveen Vel,Male,65,Chennai,Tamil Nadu,Gold,2025-05-06,Men,Linen,Standard,3613,440
C01378,Praveen Devi,Male,59,Kanchipuram,Tamil Nadu,Gold,2023-01-21,Home & Lifestyle,Silk,Standard,3232,1276
C01379,Lakshmi Selvi,Female,58,Chennai,Tamil Nadu,Silver,2024-06-02,Women,Silk,Standard,2513,778
C01380,Hari Iyer,Male,59,Thanjavur,Tamil Nadu,Bronze,2023-02-05,Men,Polyester,Standard,945,1261
C01381,Pavithra Vel,Female,56,Erode,Tamil Nadu,Silver,2025-03-12,Accessories,Cotton,Standard,1790,495
C01382,Praveen Reddy,Male,57,Trichy,Tamil Nadu,Bronze,2024-02-02,Accessories,Handloom,Standard,377,899
C01383,Nithya Mohan,Female,55,Trichy,Tamil Nadu,Bronze,2023-04-25,Kids,Silk,Standard,696,1182
C01384,Revathi Babu,Female,20,Villupuram,Tamil Nadu,Bronze,2023-04-11,Women,Polyester,Budget,484,1196
C01385,Swathi Babu,Female,28,Erode,Tamil Nadu,Silver,2024-05-20,Kids,Cotton,Standard,2036,791
C01386,Divya Devi,Female,23,Thanjavur,Tamil Nadu,Silver,2024-03-08,Accessories,Silk,Standard,1117,864
C01387,Priya Babu,Female,52,Trichy,Tamil Nadu,Gold,2024-01-13,Women,Silk,Standard,4177,919
C01388,Sowmya Iyer,Female,65,Salem,Tamil Nadu,Gold,2025-11-08,Women,Handloom,Standard,4162,254
C01389,Arun Iyer,Male,63,Salem,Tamil Nadu,Gold,2025-12-28,Accessories,Silk,Premium,5090,204
C01390,Kavya Kumar,Female,45,Chennai,Tamil Nadu,Bronze,2025-06-27,Kids,Polyester,Standard,972,388
C01391,Arun Selvi,Male,18,Villupuram,Tamil Nadu,Bronze,2025-01-21,Men,Linen,Standard,930,545
C01392,Sowmya Kumar,Female,36,Madurai,Tamil Nadu,Silver,2025-12-30,Women,Silk,Standard,1797,202
C01393,Divya Devi,Female,46,Tiruppur,Tamil Nadu,Silver,2023-09-12,Women,Polyester,Standard,2614,1042
C01394,Saravanan Selvi,Male,35,Thanjavur,Tamil Nadu,Silver,2024-05-06,Accessories,Silk,Standard,1053,805
C01395,Aishwarya Devi,Female,48,Vellore,Tamil Nadu,Silver,2024-10-01,Kids,Linen,Budget,2669,657
C01396,Keerthana Shankar,Female,41,Kallakurichi,Tamil Nadu,Silver,2025-07-20,Women,Silk,Budget,1656,365
C01397,Ajith Mohan,Male,52,Madurai,Tamil Nadu,Bronze,2024-12-15,Accessories,Linen,Budget,909,582
C01398,Kishore Devi,Male,54,Kanchipuram,Tamil Nadu,Silver,2025-12-01,Men,Silk,Budget,1376,231
C01399,Naveen Prasad,Male,46,Hosur,Tamil Nadu,Bronze,2025-07-12,Men,Silk,Standard,187,373
C01400,Naveen Raman,Male,22,Hosur,Tamil Nadu,Platinum,2025-02-09,Accessories,Polyester,Standard,12492,526
C01401,Revathi Babu,Female,49,Thanjavur,Tamil Nadu,Bronze,2025-02-02,Women,Silk,Standard,336,533
C01402,Keerthana Nathan,Female,42,Madurai,Tamil Nadu,Silver,2025-02-12,Women,Cotton,Budget,1161,523
C01403,Vijay Devi,Male,45,Tirunelveli,Tamil Nadu,Bronze,2025-09-03,Men,Handloom,Budget,675,320
C01404,Rahul Selvi,Male,52,Madurai,Tamil Nadu,Bronze,2025-08-16,Accessories,Silk,Premium,857,338
C01405,Rahul Murugan,Male,61,Tiruppur,Tamil Nadu,Gold,2023-10-16,Home & Lifestyle,Cotton,Standard,4518,1008
C01406,Revathi Krishnan,Female,45,Villupuram,Tamil Nadu,Silver,2024-09-03,Women,Cotton,Premium,2547,685
C01407,Sowmya Reddy,Female,44,Kanchipuram,Tamil Nadu,Silver,2025-03-11,Women,Handloom,Standard,1747,496
C01408,Vijay Raj,Male,44,Kallakurichi,Tamil Nadu,Gold,2024-08-28,Home & Lifestyle,Cotton,Luxury,6113,691
C01409,Nithya Shankar,Female,55,Thanjavur,Tamil Nadu,Silver,2024-05-23,Accessories,Polyester,Budget,2734,788
C01410,Dinesh Mohan,Male,61,Tirunelveli,Tamil Nadu,Gold,2023-05-08,Men,Silk,Standard,3823,1169
C01411,Aishwarya Kumar,Female,34,Kanchipuram,Tamil Nadu,Bronze,2025-12-26,Kids,Cotton,Budget,754,206
C01412,Keerthana Kumar,Female,33,Tirunelveli,Tamil Nadu,Gold,2023-05-03,Women,Handloom,Budget,5989,1174
C01413,Ramesh Raman,Male,35,Trichy,Tamil Nadu,Bronze,2023-01-23,Men,Handloom,Premium,491,1274
C01414,Priya Devi,Female,45,Hosur,Tamil Nadu,Silver,2025-03-10,Accessories,Handloom,Budget,1482,497
C01415,Revathi Iyer,Female,56,Tirunelveli,Tamil Nadu,Bronze,2024-01-04,Kids,Polyester,Budget,481,928
C01416,Gokul Raman,Male,19,Thanjavur,Tamil Nadu,Bronze,2023-03-06,Men,Cotton,Budget,849,1232
C01417,Kishore Raj,Male,51,Tirunelveli,Tamil Nadu,Bronze,2024-02-27,Men,Handloom,Budget,158,874
C01418,Deepika Murugan,Female,36,Erode,Tamil Nadu,Bronze,2023-08-19,Women,Polyester,Budget,98,1066
C01419,Dinesh Shankar,Male,33,Thanjavur,Tamil Nadu,Bronze,2025-01-10,Men,Silk,Standard,414,556
C01420,Priya Reddy,Female,53,Erode,Tamil Nadu,Bronze,2024-08-21,Kids,Polyester,Standard,492,698
C01421,Praveen Mohan,Male,19,Erode,Tamil Nadu,Bronze,2024-10-01,Home & Lifestyle,Handloom,Standard,113,657
C01422,Hari Shankar,Male,40,Kallakurichi,Tamil Nadu,Bronze,2023-12-14,Men,Polyester,Standard,642,949
C01423,Harini Raman,Female,29,Villupuram,Tamil Nadu,Silver,2024-03-12,Women,Silk,Budget,1750,860
C01424,Gokul Reddy,Male,45,Trichy,Tamil Nadu,Silver,2024-11-21,Accessories,Silk,Premium,1446,606
C01425,Nithya Murugan,Female,65,Coimbatore,Tamil Nadu,Bronze,2024-08-25,Women,Handloom,Premium,995,694
C01426,Keerthana Shankar,Female,23,Thanjavur,Tamil Nadu,Platinum,2024-10-20,Women,Silk,Premium,11528,638
C01427,Deepika Nathan,Female,31,Vellore,Tamil Nadu,Bronze,2023-07-11,Kids,Polyester,Budget,862,1105
C01428,Nithya Selvi,Female,21,Hosur,Tamil Nadu,Bronze,2023-09-14,Women,Silk,Standard,581,1040
C01429,Harini Nathan,Female,59,Chennai,Tamil Nadu,Platinum,2023-11-05,Kids,Silk,Standard,8887,988
C01430,Gokul Iyer,Male,52,Coimbatore,Tamil Nadu,Bronze,2025-12-26,Men,Polyester,Premium,539,206
C01431,Naveen Mohan,Male,26,Tiruppur,Tamil Nadu,Gold,2024-05-09,Men,Silk,Standard,6199,802
C01432,Meena Selvi,Female,28,Karur,Tamil Nadu,Bronze,2024-07-04,Women,Polyester,Premium,543,746
C01433,Arun Devi,Male,53,Tirunelveli,Tamil Nadu,Platinum,2025-06-24,Men,Handloom,Budget,7895,391
C01434,Dinesh Vel,Male,59,Tiruppur,Tamil Nadu,Bronze,2024-12-09,Men,Handloom,Premium,761,588
C01435,Ajith Shankar,Male,25,Tiruppur,Tamil Nadu,Gold,2025-12-02,Home & Lifestyle,Cotton,Standard,6963,230
C01436,Meena Devi,Female,19,Trichy,Tamil Nadu,Silver,2025-07-31,Accessories,Cotton,Budget,2453,354
C01437,Dinesh Selvi,Male,21,Kanchipuram,Tamil Nadu,Silver,2023-06-25,Men,Linen,Budget,1952,1121
C01438,Kavya Shankar,Female,59,Tirunelveli,Tamil Nadu,Bronze,2023-02-08,Women,Polyester,Standard,592,1258
C01439,Sowmya Mohan,Female,35,Coimbatore,Tamil Nadu,Bronze,2024-05-12,Women,Linen,Standard,31,799
C01440,Sowmya Krishnan,Female,55,Vellore,Tamil Nadu,Gold,2023-08-07,Women,Cotton,Standard,6698,1078
C01441,Dinesh Babu,Male,28,Kanchipuram,Tamil Nadu,Bronze,2024-09-21,Men,Silk,Premium,455,667
C01442,Divya Nathan,Female,30,Karur,Tamil Nadu,Bronze,2023-02-22,Women,Silk,Standard,975,1244
C01443,Saravanan Reddy,Male,19,Trichy,Tamil Nadu,Silver,2023-08-01,Men,Linen,Premium,2296,1084
C01444,Anitha Murugan,Female,58,Madurai,Tamil Nadu,Silver,2024-12-15,Women,Cotton,Budget,2414,582
C01445,Swathi Krishnan,Female,62,Tiruppur,Tamil Nadu,Bronze,2023-06-15,Kids,Cotton,Budget,53,1131
C01446,Manoj Prasad,Male,55,Thanjavur,Tamil Nadu,Bronze,2023-04-21,Home & Lifestyle,Polyester,Standard,289,1186
C01447,Swathi Devi,Female,42,Kanchipuram,Tamil Nadu,Bronze,2024-09-26,Women,Polyester,Premium,530,662
C01448,Swathi Reddy,Female,45,Erode,Tamil Nadu,Bronze,2025-12-23,Women,Polyester,Standard,469,209
C01449,Priya Raman,Female,34,Kallakurichi,Tamil Nadu,Bronze,2025-05-16,Women,Handloom,Standard,192,430
C01450,Manoj Murugan,Male,33,Kallakurichi,Tamil Nadu,Silver,2024-10-20,Men,Polyester,Standard,2552,638
C01451,Manoj Selvi,Male,45,Coimbatore,Tamil Nadu,Bronze,2024-01-03,Men,Handloom,Standard,898,929
C01452,Divya Nathan,Female,28,Vellore,Tamil Nadu,Bronze,2023-02-04,Kids,Linen,Budget,727,1262
C01453,Naveen Mohan,Male,62,Kanchipuram,Tamil Nadu,Silver,2024-02-25,Men,Linen,Premium,1704,876
C01454,Deepika Murugan,Female,61,Thanjavur,Tamil Nadu,Bronze,2023-10-06,Home & Lifestyle,Handloom,Budget,678,1018
C01455,Karthik Prasad,Male,62,Karur,Tamil Nadu,Silver,2023-09-28,Men,Cotton,Standard,1837,1026
C01456,Kavya Shankar,Female,37,Thanjavur,Tamil Nadu,Bronze,2025-02-10,Kids,Linen,Premium,178,525
C01457,Divya Vel,Female,42,Erode,Tamil Nadu,Gold,2025-02-23,Home & Lifestyle,Linen,Luxury,3298,512
C01458,Gokul Murugan,Male,36,Kallakurichi,Tamil Nadu,Bronze,2025-05-02,Men,Silk,Premium,486,444
C01459,Aishwarya Murugan,Female,21,Chennai,Tamil Nadu,Silver,2024-02-26,Women,Silk,Premium,2658,875
C01460,Manoj Vel,Male,32,Vellore,Tamil Nadu,Silver,2023-05-21,Men,Polyester,Budget,2843,1156
C01461,Karthik Raj,Male,19,Vellore,Tamil Nadu,Bronze,2024-04-20,Men,Cotton,Standard,337,821
C01462,Deepika Reddy,Female,44,Villupuram,Tamil Nadu,Silver,2023-08-13,Women,Linen,Standard,1701,1072
C01463,Praveen Devi,Male,58,Kanchipuram,Tamil Nadu,Gold,2024-05-04,Men,Cotton,Standard,6178,807
C01464,Hari Reddy,Male,30,Hosur,Tamil Nadu,Bronze,2024-12-07,Men,Cotton,Luxury,179,590
C01465,Pavithra Reddy,Female,59,Karur,Tamil Nadu,Bronze,2023-07-18,Kids,Handloom,Premium,14,1098
C01466,Anitha Kumar,Female,60,Tiruppur,Tamil Nadu,Silver,2024-10-18,Women,Silk,Budget,1509,640
C01467,Kishore Murugan,Male,45,Kanchipuram,Tamil Nadu,Bronze,2025-01-09,Men,Linen,Budget,550,557
C01468,Saravanan Babu,Male,61,Chennai,Tamil Nadu,Gold,2025-03-18,Home & Lifestyle,Cotton,Premium,5731,489
C01469,Ajith Raj,Male,65,Kallakurichi,Tamil Nadu,Silver,2025-08-07,Men,Handloom,Budget,1297,347
C01470,Harini Murugan,Female,64,Coimbatore,Tamil Nadu,Silver,2025-01-01,Accessories,Handloom,Standard,2263,565
C01471,Divya Shankar,Female,36,Madurai,Tamil Nadu,Silver,2025-07-14,Women,Polyester,Standard,1916,371
C01472,Gokul Nathan,Male,51,Tirunelveli,Tamil Nadu,Silver,2024-09-26,Men,Handloom,Standard,1417,662
C01473,Aishwarya Krishnan,Female,57,Thanjavur,Tamil Nadu,Bronze,2024-02-16,Women,Handloom,Standard,663,885
C01474,Vijay Raman,Male,43,Villupuram,Tamil Nadu,Bronze,2025-04-22,Home & Lifestyle,Silk,Budget,968,454
C01475,Aishwarya Kumar,Female,25,Vellore,Tamil Nadu,Bronze,2023-09-15,Women,Silk,Premium,874,1039
C01476,Manoj Murugan,Male,26,Kanchipuram,Tamil Nadu,Silver,2023-06-18,Accessories,Polyester,Standard,1815,1128
C01477,Ajith Murugan,Male,55,Salem,Tamil Nadu,Bronze,2024-02-16,Men,Polyester,Budget,317,885
C01478,Hari Raman,Male,41,Salem,Tamil Nadu,Silver,2025-06-01,Men,Silk,Premium,2706,414
C01479,Naveen Mohan,Male,63,Thanjavur,Tamil Nadu,Bronze,2024-07-20,Home & Lifestyle,Silk,Standard,327,730
C01480,Hari Shankar,Male,41,Karur,Tamil Nadu,Silver,2023-09-03,Men,Silk,Premium,2021,1051
C01481,Keerthana Nathan,Female,50,Vellore,Tamil Nadu,Bronze,2025-08-10,Women,Silk,Standard,958,344
C01482,Anitha Prasad,Female,27,Hosur,Tamil Nadu,Silver,2023-10-05,Home & Lifestyle,Polyester,Premium,2369,1019
C01483,Lakshmi Nathan,Female,29,Vellore,Tamil Nadu,Gold,2024-07-03,Women,Silk,Premium,3923,747
C01484,Dinesh Babu,Male,63,Erode,Tamil Nadu,Silver,2024-02-19,Men,Cotton,Premium,1280,882
C01485,Hari Selvi,Male,29,Trichy,Tamil Nadu,Gold,2023-08-25,Men,Linen,Budget,5547,1060
C01486,Ajith Nathan,Male,59,Kanchipuram,Tamil Nadu,Bronze,2025-08-14,Home & Lifestyle,Linen,Budget,782,340
C01487,Kavya Nathan,Female,47,Tiruppur,Tamil Nadu,Silver,2023-04-13,Women,Handloom,Budget,1133,1194
C01488,Revathi Reddy,Female,31,Erode,Tamil Nadu,Silver,2023-08-16,Women,Polyester,Budget,2169,1069
C01489,Saravanan Reddy,Male,24,Tiruppur,Tamil Nadu,Silver,2025-01-18,Men,Handloom,Budget,1160,548
C01490,Naveen Vel,Male,46,Coimbatore,Tamil Nadu,Silver,2023-03-01,Men,Linen,Standard,2828,1237
C01491,Lakshmi Devi,Female,40,Tiruppur,Tamil Nadu,Gold,2025-06-10,Women,Silk,Budget,4143,405
C01492,Hari Prasad,Male,27,Coimbatore,Tamil Nadu,Bronze,2025-05-01,Men,Polyester,Standard,995,445
C01493,Lakshmi Raj,Female,35,Kanchipuram,Tamil Nadu,Bronze,2024-12-19,Women,Linen,Budget,772,578
C01494,Arun Krishnan,Male,27,Salem,Tamil Nadu,Silver,2023-10-31,Men,Cotton,Budget,2965,993
C01495,Aishwarya Babu,Female,20,Madurai,Tamil Nadu,Gold,2025-11-04,Women,Cotton,Premium,5931,258
C01496,Vijay Selvi,Male,64,Madurai,Tamil Nadu,Silver,2025-08-08,Men,Cotton,Premium,1845,346
C01497,Lakshmi Reddy,Female,55,Thanjavur,Tamil Nadu,Bronze,2024-06-19,Women,Cotton,Budget,187,761
C01498,Praveen Iyer,Male,33,Tirunelveli,Tamil Nadu,Bronze,2023-01-21,Men,Linen,Budget,529,1276
C01499,Naveen Shankar,Male,45,Trichy,Tamil Nadu,Gold,2023-03-06,Men,Linen,Budget,5790,1232
C01500,Harini Iyer,Female,23,Salem,Tamil Nadu,Silver,2025-02-02,Women,Handloom,Standard,1331,533
C01501,Anitha Krishnan,Female,48,Villupuram,Tamil Nadu,Silver,2024-12-10,Kids,Handloom,Budget,2938,587
C01502,Praveen Prasad,Male,53,Kanchipuram,Tamil Nadu,Bronze,2025-07-31,Men,Cotton,Budget,195,354
C01503,Karthik Krishnan,Male,64,Vellore,Tamil Nadu,Silver,2023-06-26,Home & Lifestyle,Silk,Budget,1603,1120
C01504,Priya Babu,Female,23,Hosur,Tamil Nadu,Bronze,2025-02-28,Women,Linen,Budget,856,507
C01505,Manoj Murugan,Male,55,Erode,Tamil Nadu,Silver,2025-06-30,Men,Cotton,Premium,1552,385
C01506,Ajith Reddy,Male,56,Tiruppur,Tamil Nadu,Gold,2023-06-13,Men,Handloom,Standard,6732,1133
C01507,Rahul Kumar,Male,59,Tirunelveli,Tamil Nadu,Bronze,2025-01-13,Men,Handloom,Standard,829,553
C01508,Sowmya Prasad,Female,25,Karur,Tamil Nadu,Bronze,2024-12-23,Women,Cotton,Standard,525,574
C01509,Hari Mohan,Male,18,Villupuram,Tamil Nadu,Gold,2023-01-12,Men,Cotton,Standard,3088,1285
C01510,Gokul Vel,Male,65,Thanjavur,Tamil Nadu,Gold,2023-10-08,Men,Cotton,Budget,5579,1016
C01511,Deepika Shankar,Female,65,Hosur,Tamil Nadu,Bronze,2023-03-29,Home & Lifestyle,Cotton,Standard,868,1209
C01512,Ramesh Selvi,Male,59,Karur,Tamil Nadu,Gold,2025-06-03,Accessories,Silk,Budget,5503,412
C01513,Aishwarya Raman,Female,37,Erode,Tamil Nadu,Silver,2025-12-02,Women,Cotton,Premium,1765,230
C01514,Sowmya Krishnan,Female,45,Trichy,Tamil Nadu,Platinum,2024-02-01,Women,Handloom,Standard,9158,900
C01515,Priya Mohan,Female,32,Salem,Tamil Nadu,Platinum,2024-12-14,Women,Polyester,Budget,13222,583
C01516,Revathi Prasad,Female,19,Tirunelveli,Tamil Nadu,Bronze,2024-02-10,Women,Cotton,Standard,68,891
C01517,Rahul Raj,Male,43,Chennai,Tamil Nadu,Platinum,2024-08-14,Home & Lifestyle,Linen,Luxury,13990,705
C01518,Aishwarya Iyer,Female,29,Karur,Tamil Nadu,Gold,2025-01-14,Women,Polyester,Budget,4894,552
C01519,Hari Devi,Male,50,Madurai,Tamil Nadu,Gold,2024-12-12,Men,Silk,Premium,3185,585
C01520,Manoj Prasad,Male,64,Erode,Tamil Nadu,Gold,2025-12-20,Men,Polyester,Budget,6920,212
C01521,Deepika Krishnan,Female,25,Vellore,Tamil Nadu,Bronze,2024-06-21,Kids,Cotton,Standard,779,759
C01522,Hari Devi,Male,19,Chennai,Tamil Nadu,Bronze,2024-09-26,Home & Lifestyle,Linen,Premium,99,662
C01523,Sowmya Shankar,Female,28,Tiruppur,Tamil Nadu,Bronze,2023-12-27,Kids,Linen,Standard,933,936
C01524,Pavithra Selvi,Female,19,Kanchipuram,Tamil Nadu,Silver,2024-10-08,Accessories,Linen,Premium,2030,650
C01525,Kavya Nathan,Female,53,Kanchipuram,Tamil Nadu,Bronze,2024-02-17,Women,Linen,Budget,416,884
C01526,Ramesh Vel,Male,26,Trichy,Tamil Nadu,Bronze,2024-11-10,Men,Handloom,Standard,735,617
C01527,Aishwarya Krishnan,Female,34,Tirunelveli,Tamil Nadu,Bronze,2025-07-16,Kids,Cotton,Standard,483,369
C01528,Karthik Raj,Male,24,Coimbatore,Tamil Nadu,Bronze,2023-06-05,Home & Lifestyle,Polyester,Budget,586,1141
C01529,Vijay Reddy,Male,54,Tirunelveli,Tamil Nadu,Silver,2023-05-06,Men,Handloom,Budget,1963,1171
C01530,Keerthana Kumar,Female,41,Kanchipuram,Tamil Nadu,Bronze,2025-11-10,Women,Linen,Luxury,839,252
C01531,Deepika Reddy,Female,55,Tiruppur,Tamil Nadu,Bronze,2025-04-29,Accessories,Linen,Standard,76,447
C01532,Lakshmi Reddy,Female,48,Kallakurichi,Tamil Nadu,Silver,2024-09-07,Women,Handloom,Standard,2204,681
C01533,Priya Raman,Female,61,Thanjavur,Tamil Nadu,Gold,2023-12-07,Kids,Polyester,Premium,6444,956
C01534,Gokul Murugan,Male,46,Villupuram,Tamil Nadu,Bronze,2025-02-06,Home & Lifestyle,Silk,Premium,893,529
C01535,Praveen Babu,Male,40,Salem,Tamil Nadu,Bronze,2023-09-08,Accessories,Handloom,Luxury,911,1046
C01536,Pavithra Mohan,Female,44,Thanjavur,Tamil Nadu,Silver,2023-02-16,Accessories,Handloom,Budget,1492,1250
C01537,Deepika Mohan,Female,34,Trichy,Tamil Nadu,Bronze,2024-03-12,Women,Cotton,Premium,645,860
C01538,Anitha Raj,Female,21,Tiruppur,Tamil Nadu,Bronze,2024-07-09,Accessories,Handloom,Premium,681,741
C01539,Aishwarya Raman,Female,24,Madurai,Tamil Nadu,Bronze,2023-09-21,Women,Handloom,Budget,714,1033
C01540,Pavithra Raman,Female,53,Tirunelveli,Tamil Nadu,Platinum,2025-05-29,Accessories,Cotton,Premium,13244,417
C01541,Keerthana Babu,Female,28,Coimbatore,Tamil Nadu,Bronze,2024-10-13,Women,Polyester,Budget,764,645
C01542,Pavithra Murugan,Female,58,Tiruppur,Tamil Nadu,Bronze,2024-08-16,Home & Lifestyle,Handloom,Standard,861,703
C01543,Kishore Selvi,Male,31,Trichy,Tamil Nadu,Bronze,2023-10-12,Men,Handloom,Standard,188,1012
C01544,Sowmya Raj,Female,52,Chennai,Tamil Nadu,Gold,2024-09-18,Women,Handloom,Budget,5277,670
C01545,Gokul Raj,Male,59,Villupuram,Tamil Nadu,Gold,2024-04-17,Men,Polyester,Budget,4534,824
C01546,Keerthana Iyer,Female,60,Villupuram,Tamil Nadu,Silver,2024-06-13,Home & Lifestyle,Handloom,Premium,2285,767
C01547,Naveen Raman,Male,50,Tirunelveli,Tamil Nadu,Gold,2023-11-27,Men,Polyester,Budget,3079,966
C01548,Ajith Prasad,Male,30,Kanchipuram,Tamil Nadu,Silver,2025-06-28,Men,Cotton,Budget,1430,387
C01549,Vijay Mohan,Male,50,Chennai,Tamil Nadu,Gold,2025-12-10,Home & Lifestyle,Handloom,Standard,4267,222
C01550,Rahul Prasad,Male,52,Villupuram,Tamil Nadu,Gold,2025-07-05,Men,Silk,Budget,3138,380
C01551,Nithya Shankar,Female,48,Kallakurichi,Tamil Nadu,Bronze,2025-12-15,Kids,Silk,Premium,965,217
C01552,Revathi Iyer,Female,42,Thanjavur,Tamil Nadu,Bronze,2025-01-08,Women,Handloom,Premium,104,558
C01553,Swathi Babu,Female,20,Coimbatore,Tamil Nadu,Bronze,2025-08-30,Women,Silk,Standard,302,324
C01554,Ajith Krishnan,Male,38,Coimbatore,Tamil Nadu,Silver,2023-10-14,Home & Lifestyle,Silk,Standard,2911,1010
C01555,Hari Raj,Male,62,Coimbatore,Tamil Nadu,Gold,2024-10-28,Men,Silk,Premium,5111,630
C01556,Gokul Babu,Male,64,Coimbatore,Tamil Nadu,Bronze,2023-12-03,Home & Lifestyle,Cotton,Standard,613,960
C01557,Kavya Murugan,Female,63,Madurai,Tamil Nadu,Bronze,2023-06-25,Women,Polyester,Budget,615,1121
C01558,Suresh Shankar,Male,63,Trichy,Tamil Nadu,Gold,2024-03-30,Accessories,Handloom,Standard,5995,842
C01559,Suresh Prasad,Male,55,Kallakurichi,Tamil Nadu,Bronze,2025-07-21,Men,Linen,Premium,687,364
C01560,Sowmya Krishnan,Female,35,Hosur,Tamil Nadu,Silver,2025-09-21,Women,Linen,Budget,2725,302
C01561,Arun Shankar,Male,43,Trichy,Tamil Nadu,Gold,2024-06-06,Men,Cotton,Premium,5049,774
C01562,Suresh Raman,Male,52,Tiruppur,Tamil Nadu,Bronze,2025-06-12,Men,Polyester,Standard,756,403
C01563,Naveen Vel,Male,58,Tirunelveli,Tamil Nadu,Silver,2025-02-09,Accessories,Silk,Standard,1939,526
C01564,Sowmya Babu,Female,58,Karur,Tamil Nadu,Silver,2024-03-26,Women,Linen,Budget,1477,846
C01565,Priya Raman,Female,62,Tirunelveli,Tamil Nadu,Gold,2024-02-05,Home & Lifestyle,Polyester,Budget,5567,896
C01566,Ramesh Selvi,Male,61,Karur,Tamil Nadu,Bronze,2024-05-14,Men,Cotton,Standard,871,797
C01567,Ajith Vel,Male,34,Chennai,Tamil Nadu,Silver,2025-02-01,Men,Silk,Budget,2065,534
C01568,Naveen Raj,Male,43,Chennai,Tamil Nadu,Bronze,2023-05-15,Accessories,Linen,Budget,155,1162
C01569,Hari Shankar,Male,56,Salem,Tamil Nadu,Gold,2024-10-18,Men,Handloom,Standard,5868,640
C01570,Sowmya Shankar,Female,28,Salem,Tamil Nadu,Bronze,2024-07-05,Accessories,Linen,Budget,398,745
C01571,Priya Prasad,Female,39,Karur,Tamil Nadu,Bronze,2025-04-15,Women,Handloom,Luxury,459,461
C01572,Ajith Iyer,Male,28,Trichy,Tamil Nadu,Silver,2025-04-22,Men,Silk,Budget,2140,454
C01573,Sowmya Vel,Female,26,Madurai,Tamil Nadu,Gold,2025-09-09,Accessories,Silk,Budget,5282,314
C01574,Divya Raman,Female,50,Hosur,Tamil Nadu,Bronze,2025-03-04,Kids,Polyester,Standard,212,503
C01575,Arun Babu,Male,32,Kallakurichi,Tamil Nadu,Bronze,2023-07-04,Men,Linen,Standard,800,1112
C01576,Nithya Selvi,Female,45,Karur,Tamil Nadu,Bronze,2025-11-17,Women,Handloom,Premium,128,245
C01577,Swathi Iyer,Female,18,Villupuram,Tamil Nadu,Silver,2025-07-30,Women,Handloom,Standard,2898,355
C01578,Sowmya Kumar,Female,34,Vellore,Tamil Nadu,Bronze,2025-04-30,Kids,Polyester,Premium,76,446
C01579,Praveen Murugan,Male,45,Kanchipuram,Tamil Nadu,Platinum,2024-09-18,Home & Lifestyle,Silk,Standard,12320,670
C01580,Priya Raj,Female,50,Karur,Tamil Nadu,Bronze,2024-05-03,Women,Handloom,Standard,897,808
C01581,Divya Vel,Female,38,Trichy,Tamil Nadu,Silver,2025-07-15,Kids,Handloom,Standard,2726,370
C01582,Karthik Krishnan,Male,27,Kallakurichi,Tamil Nadu,Bronze,2025-03-12,Men,Silk,Standard,860,495
C01583,Priya Murugan,Female,45,Salem,Tamil Nadu,Silver,2024-04-13,Home & Lifestyle,Polyester,Standard,2273,828
C01584,Arun Raman,Male,39,Tirunelveli,Tamil Nadu,Bronze,2025-03-16,Men,Silk,Standard,556,491
C01585,Lakshmi Nathan,Female,48,Coimbatore,Tamil Nadu,Silver,2024-07-11,Women,Linen,Budget,1419,739
C01586,Ajith Nathan,Male,48,Thanjavur,Tamil Nadu,Bronze,2023-04-11,Men,Linen,Luxury,18,1196
C01587,Dinesh Murugan,Male,47,Vellore,Tamil Nadu,Silver,2023-12-07,Men,Handloom,Standard,1138,956
C01588,Nithya Nathan,Female,32,Kanchipuram,Tamil Nadu,Bronze,2025-04-16,Women,Silk,Budget,960,460
C01589,Arun Mohan,Male,63,Vellore,Tamil Nadu,Gold,2023-08-11,Men,Polyester,Premium,6928,1074
C01590,Harini Babu,Female,42,Salem,Tamil Nadu,Bronze,2023-07-23,Women,Handloom,Budget,451,1093
C01591,Lakshmi Prasad,Female,43,Kallakurichi,Tamil Nadu,Bronze,2024-05-04,Women,Linen,Standard,929,807
C01592,Anitha Prasad,Female,59,Chennai,Tamil Nadu,Platinum,2023-11-24,Women,Linen,Budget,8071,969
C01593,Divya Raj,Female,30,Trichy,Tamil Nadu,Bronze,2025-04-10,Home & Lifestyle,Silk,Budget,173,466
C01594,Revathi Iyer,Female,20,Thanjavur,Tamil Nadu,Gold,2023-07-08,Women,Cotton,Budget,4511,1108
C01595,Harini Raj,Female,57,Chennai,Tamil Nadu,Bronze,2024-08-07,Women,Handloom,Standard,96,712
C01596,Praveen Murugan,Male,59,Coimbatore,Tamil Nadu,Bronze,2024-06-10,Men,Handloom,Budget,108,770
C01597,Praveen Prasad,Male,44,Erode,Tamil Nadu,Platinum,2025-05-10,Men,Cotton,Budget,14878,436
C01598,Divya Selvi,Female,21,Erode,Tamil Nadu,Bronze,2024-09-27,Accessories,Handloom,Luxury,292,661
C01599,Anitha Shankar,Female,65,Hosur,Tamil Nadu,Silver,2023-06-03,Kids,Cotton,Premium,1821,1143
C01600,Dinesh Selvi,Male,43,Tirunelveli,Tamil Nadu,Bronze,2025-09-20,Men,Silk,Standard,760,303
C01601,Priya Babu,Female,50,Tirunelveli,Tamil Nadu,Silver,2024-05-30,Women,Cotton,Standard,2834,781
C01602,Arun Babu,Male,65,Erode,Tamil Nadu,Silver,2025-12-18,Men,Silk,Budget,1321,214
C01603,Aishwarya Babu,Female,48,Thanjavur,Tamil Nadu,Bronze,2025-04-25,Women,Cotton,Budget,644,451
C01604,Nithya Prasad,Female,37,Thanjavur,Tamil Nadu,Bronze,2024-09-08,Women,Cotton,Luxury,360,680
C01605,Kavya Babu,Female,31,Villupuram,Tamil Nadu,Bronze,2023-06-27,Women,Cotton,Standard,538,1119
C01606,Arun Prasad,Male,61,Salem,Tamil Nadu,Gold,2024-06-06,Men,Polyester,Budget,4665,774
C01607,Lakshmi Raman,Female,45,Trichy,Tamil Nadu,Bronze,2024-03-25,Women,Cotton,Premium,521,847
C01608,Pavithra Krishnan,Female,39,Chennai,Tamil Nadu,Silver,2024-06-02,Women,Handloom,Luxury,2664,778
C01609,Keerthana Babu,Female,31,Thanjavur,Tamil Nadu,Silver,2025-11-10,Home & Lifestyle,Cotton,Standard,2979,252
C01610,Revathi Raman,Female,20,Kallakurichi,Tamil Nadu,Bronze,2025-07-14,Kids,Cotton,Standard,720,371
C01611,Divya Raman,Female,65,Coimbatore,Tamil Nadu,Silver,2024-10-22,Women,Linen,Budget,1274,636
C01612,Priya Selvi,Female,53,Kanchipuram,Tamil Nadu,Platinum,2024-01-09,Women,Silk,Budget,10011,923
C01613,Keerthana Raman,Female,46,Madurai,Tamil Nadu,Platinum,2024-06-02,Women,Cotton,Standard,9046,778
C01614,Anitha Vel,Female,58,Kallakurichi,Tamil Nadu,Bronze,2025-08-28,Women,Handloom,Budget,57,326
C01615,Saravanan Raman,Male,65,Chennai,Tamil Nadu,Bronze,2025-05-16,Men,Handloom,Premium,768,430
C01616,Aishwarya Babu,Female,53,Salem,Tamil Nadu,Silver,2024-09-14,Women,Handloom,Budget,2437,674
C01617,Lakshmi Kumar,Female,27,Tirunelveli,Tamil Nadu,Silver,2024-09-06,Women,Cotton,Standard,2468,682
C01618,Kishore Selvi,Male,53,Chennai,Tamil Nadu,Platinum,2025-08-08,Men,Silk,Standard,7684,346
C01619,Gokul Mohan,Male,19,Vellore,Tamil Nadu,Bronze,2023-11-24,Men,Linen,Standard,304,969
C01620,Rahul Murugan,Male,22,Thanjavur,Tamil Nadu,Bronze,2025-02-14,Men,Handloom,Standard,51,521
C01621,Manoj Murugan,Male,46,Tirunelveli,Tamil Nadu,Silver,2023-12-22,Men,Cotton,Budget,2474,941
C01622,Pavithra Raj,Female,62,Madurai,Tamil Nadu,Silver,2024-06-10,Accessories,Linen,Standard,2824,770
C01623,Kishore Selvi,Male,59,Coimbatore,Tamil Nadu,Gold,2024-10-08,Men,Polyester,Premium,6503,650
C01624,Ramesh Mohan,Male,65,Thanjavur,Tamil Nadu,Bronze,2025-08-08,Men,Polyester,Standard,96,346
C01625,Harini Shankar,Female,35,Chennai,Tamil Nadu,Silver,2024-10-05,Accessories,Linen,Standard,1582,653
C01626,Revathi Babu,Female,21,Erode,Tamil Nadu,Bronze,2024-03-14,Kids,Linen,Standard,756,858
C01627,Rahul Reddy,Male,55,Tiruppur,Tamil Nadu,Silver,2023-08-05,Men,Polyester,Premium,1181,1080
C01628,Ramesh Prasad,Male,43,Vellore,Tamil Nadu,Bronze,2023-04-21,Men,Linen,Budget,977,1186
C01629,Priya Prasad,Female,54,Tirunelveli,Tamil Nadu,Silver,2024-06-13,Women,Handloom,Premium,2045,767
C01630,Ajith Reddy,Male,37,Tirunelveli,Tamil Nadu,Bronze,2023-02-03,Men,Handloom,Standard,252,1263
C01631,Arun Prasad,Male,24,Trichy,Tamil Nadu,Bronze,2025-03-03,Men,Silk,Luxury,802,504
C01632,Naveen Raj,Male,62,Madurai,Tamil Nadu,Gold,2023-11-28,Accessories,Cotton,Standard,4825,965
C01633,Gokul Kumar,Male,18,Thanjavur,Tamil Nadu,Bronze,2023-05-06,Men,Silk,Budget,304,1171
C01634,Priya Prasad,Female,56,Chennai,Tamil Nadu,Gold,2023-05-31,Kids,Linen,Premium,5044,1146
C01635,Deepika Murugan,Female,50,Salem,Tamil Nadu,Silver,2024-12-24,Women,Linen,Standard,2483,573
C01636,Kishore Kumar,Male,30,Tiruppur,Tamil Nadu,Silver,2025-03-28,Accessories,Polyester,Premium,2206,479
C01637,Nithya Krishnan,Female,40,Chennai,Tamil Nadu,Bronze,2025-12-15,Home & Lifestyle,Linen,Premium,537,217
C01638,Praveen Reddy,Male,48,Villupuram,Tamil Nadu,Bronze,2023-10-23,Accessories,Silk,Premium,49,1001
C01639,Hari Krishnan,Male,23,Tirunelveli,Tamil Nadu,Bronze,2025-02-27,Men,Linen,Standard,836,508
C01640,Sowmya Vel,Female,63,Chennai,Tamil Nadu,Bronze,2023-03-16,Women,Handloom,Premium,83,1222
C01641,Kavya Reddy,Female,44,Thanjavur,Tamil Nadu,Bronze,2024-06-12,Women,Cotton,Standard,157,768
C01642,Naveen Kumar,Male,60,Chennai,Tamil Nadu,Gold,2023-09-04,Men,Linen,Standard,6962,1050
C01643,Ajith Mohan,Male,27,Villupuram,Tamil Nadu,Silver,2023-12-18,Accessories,Linen,Premium,1769,945
C01644,Keerthana Nathan,Female,38,Kanchipuram,Tamil Nadu,Silver,2023-01-23,Women,Silk,Budget,1734,1274
C01645,Rahul Mohan,Male,37,Erode,Tamil Nadu,Bronze,2024-05-16,Accessories,Silk,Budget,996,795
C01646,Lakshmi Kumar,Female,53,Tirunelveli,Tamil Nadu,Bronze,2023-08-19,Women,Linen,Luxury,63,1066
C01647,Priya Murugan,Female,30,Vellore,Tamil Nadu,Silver,2023-06-20,Accessories,Handloom,Standard,2532,1126
C01648,Priya Kumar,Female,39,Salem,Tamil Nadu,Silver,2023-12-15,Women,Silk,Budget,2708,948
C01649,Dinesh Iyer,Male,57,Villupuram,Tamil Nadu,Bronze,2024-04-17,Men,Cotton,Standard,630,824
C01650,Vijay Kumar,Male,23,Thanjavur,Tamil Nadu,Bronze,2023-01-09,Men,Handloom,Standard,11,1288
C01651,Vijay Murugan,Male,65,Tiruppur,Tamil Nadu,Bronze,2024-05-20,Men,Linen,Standard,72,791
C01652,Dinesh Mohan,Male,48,Vellore,Tamil Nadu,Gold,2023-07-18,Men,Linen,Standard,4133,1098
C01653,Arun Babu,Male,65,Chennai,Tamil Nadu,Gold,2023-09-01,Home & Lifestyle,Polyester,Standard,4384,1053
C01654,Sowmya Krishnan,Female,45,Chennai,Tamil Nadu,Bronze,2023-06-13,Home & Lifestyle,Cotton,Budget,340,1133
C01655,Lakshmi Prasad,Female,51,Trichy,Tamil Nadu,Bronze,2025-05-25,Accessories,Linen,Budget,740,421
C01656,Naveen Krishnan,Male,33,Villupuram,Tamil Nadu,Bronze,2023-08-26,Men,Cotton,Premium,644,1059
C01657,Hari Kumar,Male,36,Kanchipuram,Tamil Nadu,Silver,2023-12-12,Men,Silk,Premium,2863,951
C01658,Ajith Reddy,Male,43,Tiruppur,Tamil Nadu,Bronze,2025-09-16,Men,Cotton,Standard,175,307
C01659,Nithya Selvi,Female,21,Vellore,Tamil Nadu,Gold,2023-12-25,Women,Cotton,Standard,6378,938
C01660,Nithya Murugan,Female,30,Salem,Tamil Nadu,Gold,2025-03-01,Women,Cotton,Premium,3692,506
C01661,Praveen Prasad,Male,47,Karur,Tamil Nadu,Bronze,2024-05-31,Men,Polyester,Budget,573,780
C01662,Aishwarya Reddy,Female,45,Thanjavur,Tamil Nadu,Silver,2025-11-23,Kids,Linen,Budget,1827,239
C01663,Deepika Shankar,Female,54,Tiruppur,Tamil Nadu,Bronze,2023-01-01,Accessories,Linen,Premium,296,1296
C01664,Harini Raj,Female,20,Kanchipuram,Tamil Nadu,Bronze,2024-01-28,Women,Silk,Budget,593,904
C01665,Lakshmi Krishnan,Female,46,Tiruppur,Tamil Nadu,Bronze,2024-11-08,Women,Silk,Budget,58,619
C01666,Naveen Babu,Male,25,Kallakurichi,Tamil Nadu,Bronze,2025-12-19,Men,Silk,Luxury,625,213
C01667,Revathi Selvi,Female,59,Erode,Tamil Nadu,Silver,2023-12-14,Women,Cotton,Budget,1130,949
C01668,Karthik Raj,Male,50,Chennai,Tamil Nadu,Platinum,2025-05-04,Men,Cotton,Standard,9297,442
C01669,Lakshmi Reddy,Female,47,Hosur,Tamil Nadu,Gold,2023-10-03,Women,Linen,Budget,6698,1021
C01670,Arun Devi,Male,20,Villupuram,Tamil Nadu,Bronze,2025-09-28,Men,Polyester,Premium,813,295
C01671,Manoj Devi,Male,34,Kanchipuram,Tamil Nadu,Silver,2023-05-09,Men,Handloom,Standard,2577,1168
C01672,Ajith Vel,Male,43,Erode,Tamil Nadu,Bronze,2025-02-24,Men,Polyester,Budget,517,511
C01673,Meena Raj,Female,23,Thanjavur,Tamil Nadu,Bronze,2023-08-22,Women,Polyester,Budget,853,1063
C01674,Deepika Raman,Female,53,Vellore,Tamil Nadu,Silver,2025-02-22,Kids,Linen,Standard,1645,513
C01675,Hari Prasad,Male,63,Chennai,Tamil Nadu,Bronze,2023-01-14,Men,Polyester,Standard,626,1283
C01676,Pavithra Babu,Female,38,Salem,Tamil Nadu,Bronze,2024-05-17,Kids,Silk,Standard,629,794
C01677,Praveen Devi,Male,63,Tiruppur,Tamil Nadu,Bronze,2025-06-28,Men,Handloom,Standard,412,387
C01678,Nithya Krishnan,Female,30,Kanchipuram,Tamil Nadu,Bronze,2023-02-09,Women,Silk,Premium,936,1257
C01679,Naveen Babu,Male,49,Kanchipuram,Tamil Nadu,Bronze,2024-09-03,Men,Linen,Budget,897,685
C01680,Aishwarya Kumar,Female,26,Tiruppur,Tamil Nadu,Bronze,2024-02-28,Women,Polyester,Budget,126,873
C01681,Deepika Iyer,Female,20,Hosur,Tamil Nadu,Platinum,2023-04-13,Home & Lifestyle,Silk,Standard,11641,1194
C01682,Dinesh Raj,Male,46,Karur,Tamil Nadu,Gold,2023-02-02,Men,Cotton,Budget,4983,1264
C01683,Harini Raj,Female,24,Tirunelveli,Tamil Nadu,Bronze,2025-02-19,Home & Lifestyle,Cotton,Standard,291,516
C01684,Karthik Vel,Male,22,Coimbatore,Tamil Nadu,Bronze,2023-09-02,Men,Polyester,Premium,645,1052
C01685,Hari Selvi,Male,61,Tiruppur,Tamil Nadu,Silver,2025-09-28,Men,Silk,Standard,2689,295
C01686,Divya Murugan,Female,54,Hosur,Tamil Nadu,Bronze,2025-06-28,Accessories,Silk,Standard,480,387
C01687,Pavithra Prasad,Female,19,Kallakurichi,Tamil Nadu,Silver,2024-08-06,Women,Handloom,Budget,1040,713
C01688,Naveen Mohan,Male,61,Chennai,Tamil Nadu,Silver,2025-03-08,Accessories,Linen,Standard,2450,499
C01689,Vijay Murugan,Male,45,Coimbatore,Tamil Nadu,Bronze,2024-06-02,Men,Cotton,Standard,509,778
C01690,Arun Reddy,Male,19,Coimbatore,Tamil Nadu,Silver,2023-08-28,Men,Cotton,Standard,2417,1057
C01691,Manoj Prasad,Male,47,Tirunelveli,Tamil Nadu,Bronze,2023-09-13,Accessories,Cotton,Budget,807,1041
C01692,Arun Prasad,Male,31,Coimbatore,Tamil Nadu,Bronze,2023-04-12,Men,Cotton,Budget,596,1195
C01693,Deepika Mohan,Female,24,Thanjavur,Tamil Nadu,Bronze,2024-06-11,Women,Cotton,Budget,312,769
C01694,Suresh Reddy,Male,19,Thanjavur,Tamil Nadu,Silver,2025-10-23,Accessories,Polyester,Standard,1351,270
C01695,Keerthana Mohan,Female,60,Kanchipuram,Tamil Nadu,Silver,2023-11-06,Kids,Linen,Standard,2265,987
C01696,Rahul Selvi,Male,50,Kanchipuram,Tamil Nadu,Silver,2023-04-29,Men,Linen,Standard,1548,1178
C01697,Vijay Raj,Male,48,Thanjavur,Tamil Nadu,Silver,2025-12-13,Men,Linen,Premium,2448,219
C01698,Praveen Prasad,Male,61,Tirunelveli,Tamil Nadu,Bronze,2025-01-13,Men,Polyester,Premium,594,553
C01699,Ramesh Mohan,Male,55,Madurai,Tamil Nadu,Silver,2024-01-31,Men,Polyester,Standard,2209,901
C01700,Ramesh Iyer,Male,50,Kanchipuram,Tamil Nadu,Gold,2025-01-24,Men,Linen,Standard,5382,542
C01701,Naveen Selvi,Male,48,Thanjavur,Tamil Nadu,Silver,2023-05-26,Men,Linen,Budget,1837,1151
C01702,Karthik Devi,Male,41,Chennai,Tamil Nadu,Silver,2024-01-10,Men,Silk,Premium,1510,922
C01703,Priya Iyer,Female,39,Tirunelveli,Tamil Nadu,Silver,2025-04-19,Kids,Polyester,Budget,2385,457
C01704,Praveen Krishnan,Male,49,Tiruppur,Tamil Nadu,Silver,2025-03-14,Men,Cotton,Standard,2754,493
C01705,Meena Mohan,Female,56,Hosur,Tamil Nadu,Bronze,2024-02-23,Women,Silk,Budget,769,878
C01706,Nithya Prasad,Female,40,Erode,Tamil Nadu,Bronze,2023-07-11,Women,Handloom,Standard,924,1105
C01707,Priya Raman,Female,30,Kallakurichi,Tamil Nadu,Silver,2024-11-23,Women,Silk,Standard,1616,604
C01708,Arun Prasad,Male,27,Villupuram,Tamil Nadu,Bronze,2025-12-28,Men,Handloom,Budget,236,204
C01709,Hari Krishnan,Male,50,Karur,Tamil Nadu,Silver,2023-06-04,Men,Cotton,Budget,2733,1142
C01710,Vijay Prasad,Male,58,Thanjavur,Tamil Nadu,Silver,2025-11-01,Accessories,Polyester,Premium,2106,261
C01711,Saravanan Krishnan,Male,43,Coimbatore,Tamil Nadu,Silver,2023-10-22,Men,Handloom,Premium,2954,1002
C01712,Sowmya Selvi,Female,57,Vellore,Tamil Nadu,Bronze,2025-02-03,Women,Handloom,Luxury,231,532
C01713,Nithya Vel,Female,33,Villupuram,Tamil Nadu,Silver,2024-12-22,Women,Handloom,Budget,1689,575
C01714,Suresh Babu,Male,62,Coimbatore,Tamil Nadu,Silver,2023-05-18,Men,Linen,Budget,1184,1159
C01715,Arun Kumar,Male,19,Hosur,Tamil Nadu,Silver,2023-05-31,Men,Linen,Budget,1962,1146
C01716,Revathi Shankar,Female,47,Madurai,Tamil Nadu,Bronze,2025-08-21,Women,Handloom,Budget,262,333
C01717,Nithya Vel,Female,20,Tiruppur,Tamil Nadu,Silver,2023-08-16,Home & Lifestyle,Cotton,Standard,2060,1069
C01718,Pavithra Nathan,Female,31,Karur,Tamil Nadu,Bronze,2024-11-05,Women,Cotton,Premium,146,622
C01719,Meena Raj,Female,51,Karur,Tamil Nadu,Silver,2025-08-26,Women,Polyester,Standard,1769,328
C01720,Divya Devi,Female,45,Vellore,Tamil Nadu,Gold,2023-11-20,Women,Cotton,Premium,5743,973
C01721,Kavya Prasad,Female,43,Villupuram,Tamil Nadu,Bronze,2024-10-03,Kids,Silk,Premium,729,655
C01722,Kishore Iyer,Male,18,Tiruppur,Tamil Nadu,Bronze,2023-03-12,Men,Linen,Budget,23,1226
C01723,Vijay Raman,Male,38,Kanchipuram,Tamil Nadu,Bronze,2025-06-25,Men,Handloom,Premium,848,390
C01724,Rahul Mohan,Male,23,Kanchipuram,Tamil Nadu,Bronze,2023-11-02,Accessories,Silk,Budget,941,991
C01725,Deepika Iyer,Female,36,Thanjavur,Tamil Nadu,Silver,2025-11-15,Women,Polyester,Standard,2847,247
C01726,Naveen Selvi,Male,22,Kallakurichi,Tamil Nadu,Silver,2024-08-14,Accessories,Polyester,Budget,1678,705
C01727,Rahul Prasad,Male,64,Chennai,Tamil Nadu,Bronze,2025-10-03,Men,Silk,Standard,736,290
C01728,Ajith Iyer,Male,23,Madurai,Tamil Nadu,Silver,2025-12-04,Men,Handloom,Luxury,1949,228
C01729,Kishore Prasad,Male,19,Madurai,Tamil Nadu,Silver,2023-07-25,Men,Handloom,Premium,2677,1091
C01730,Naveen Raj,Male,45,Karur,Tamil Nadu,Gold,2024-02-05,Accessories,Polyester,Budget,4215,896
C01731,Anitha Selvi,Female,28,Kanchipuram,Tamil Nadu,Bronze,2023-04-16,Kids,Cotton,Budget,337,1191
C01732,Nithya Vel,Female,19,Madurai,Tamil Nadu,Bronze,2023-08-31,Kids,Polyester,Standard,424,1054
C01733,Kavya Selvi,Female,48,Kallakurichi,Tamil Nadu,Silver,2024-06-07,Kids,Cotton,Budget,1590,773
C01734,Hari Raj,Male,31,Tirunelveli,Tamil Nadu,Silver,2025-01-21,Men,Silk,Budget,2451,545
C01735,Keerthana Selvi,Female,63,Thanjavur,Tamil Nadu,Bronze,2023-10-08,Women,Cotton,Standard,433,1016
C01736,Saravanan Nathan,Male,18,Erode,Tamil Nadu,Bronze,2025-11-16,Men,Cotton,Premium,315,246
C01737,Kishore Reddy,Male,61,Salem,Tamil Nadu,Silver,2023-05-26,Men,Cotton,Standard,2702,1151
C01738,Divya Mohan,Female,39,Coimbatore,Tamil Nadu,Platinum,2025-01-30,Women,Cotton,Premium,10516,536
C01739,Praveen Kumar,Male,22,Salem,Tamil Nadu,Silver,2024-09-09,Men,Handloom,Standard,1675,679
C01740,Gokul Murugan,Male,47,Coimbatore,Tamil Nadu,Bronze,2023-10-17,Men,Cotton,Budget,25,1007
C01741,Ramesh Kumar,Male,42,Madurai,Tamil Nadu,Silver,2024-12-09,Accessories,Polyester,Budget,1899,588
C01742,Swathi Mohan,Female,39,Vellore,Tamil Nadu,Silver,2025-07-31,Women,Handloom,Premium,1304,354
C01743,Vijay Reddy,Male,34,Villupuram,Tamil Nadu,Bronze,2024-02-21,Men,Silk,Budget,377,880
C01744,Kishore Babu,Male,61,Chennai,Tamil Nadu,Gold,2025-09-09,Men,Silk,Standard,4908,314
C01745,Anitha Reddy,Female,43,Tirunelveli,Tamil Nadu,Bronze,2025-05-19,Women,Cotton,Budget,183,427
C01746,Sowmya Murugan,Female,30,Coimbatore,Tamil Nadu,Silver,2025-07-19,Women,Silk,Budget,2369,366
C01747,Dinesh Iyer,Male,27,Chennai,Tamil Nadu,Gold,2025-09-19,Men,Polyester,Luxury,5501,304
C01748,Deepika Iyer,Female,31,Kanchipuram,Tamil Nadu,Gold,2025-01-23,Women,Handloom,Standard,4255,543
C01749,Keerthana Nathan,Female,30,Kallakurichi,Tamil Nadu,Bronze,2025-05-26,Accessories,Handloom,Budget,622,420
C01750,Keerthana Prasad,Female,65,Thanjavur,Tamil Nadu,Bronze,2025-05-14,Women,Linen,Standard,676,432
C01751,Karthik Krishnan,Male,33,Trichy,Tamil Nadu,Bronze,2023-06-24,Men,Linen,Budget,567,1122
C01752,Keerthana Murugan,Female,65,Madurai,Tamil Nadu,Gold,2024-03-01,Women,Polyester,Budget,5378,871
C01753,Pavithra Kumar,Female,33,Karur,Tamil Nadu,Bronze,2024-07-06,Kids,Silk,Budget,260,744
C01754,Saravanan Devi,Male,29,Coimbatore,Tamil Nadu,Silver,2024-03-16,Men,Silk,Budget,1589,856
C01755,Lakshmi Raman,Female,22,Villupuram,Tamil Nadu,Bronze,2025-02-15,Women,Cotton,Budget,890,520
C01756,Meena Devi,Female,28,Chennai,Tamil Nadu,Bronze,2024-09-22,Kids,Polyester,Premium,605,666
C01757,Ramesh Krishnan,Male,42,Villupuram,Tamil Nadu,Silver,2023-07-11,Men,Linen,Premium,1180,1105
C01758,Manoj Murugan,Male,24,Coimbatore,Tamil Nadu,Bronze,2025-07-14,Men,Handloom,Standard,196,371
C01759,Nithya Prasad,Female,58,Erode,Tamil Nadu,Silver,2025-01-29,Women,Cotton,Standard,1335,537
C01760,Divya Raj,Female,52,Chennai,Tamil Nadu,Silver,2023-05-14,Women,Silk,Standard,1514,1163
C01761,Deepika Murugan,Female,53,Hosur,Tamil Nadu,Silver,2025-05-05,Accessories,Cotton,Budget,1338,441
C01762,Manoj Nathan,Male,56,Kallakurichi,Tamil Nadu,Bronze,2024-01-25,Men,Cotton,Budget,981,907
C01763,Priya Shankar,Female,25,Thanjavur,Tamil Nadu,Silver,2025-10-08,Women,Silk,Premium,2699,285
C01764,Suresh Reddy,Male,49,Tirunelveli,Tamil Nadu,Silver,2024-03-09,Men,Silk,Premium,2268,863
C01765,Anitha Raj,Female,41,Hosur,Tamil Nadu,Bronze,2023-04-08,Kids,Handloom,Standard,512,1199
C01766,Karthik Mohan,Male,38,Kanchipuram,Tamil Nadu,Silver,2023-12-16,Men,Polyester,Standard,2443,947
C01767,Ramesh Vel,Male,18,Tiruppur,Tamil Nadu,Silver,2025-02-04,Men,Cotton,Budget,2222,531
C01768,Lakshmi Raman,Female,58,Thanjavur,Tamil Nadu,Bronze,2023-10-19,Women,Silk,Standard,468,1005
C01769,Nithya Murugan,Female,38,Vellore,Tamil Nadu,Bronze,2025-09-02,Women,Cotton,Budget,501,321
C01770,Swathi Raman,Female,18,Chennai,Tamil Nadu,Bronze,2023-09-24,Women,Polyester,Standard,466,1030
C01771,Ajith Prasad,Male,24,Thanjavur,Tamil Nadu,Bronze,2025-01-13,Home & Lifestyle,Polyester,Standard,196,553
C01772,Pavithra Raj,Female,39,Karur,Tamil Nadu,Bronze,2025-11-21,Accessories,Silk,Budget,26,241
C01773,Manoj Raman,Male,23,Madurai,Tamil Nadu,Bronze,2024-07-08,Men,Cotton,Standard,991,742
C01774,Pavithra Iyer,Female,50,Villupuram,Tamil Nadu,Bronze,2025-12-18,Kids,Cotton,Premium,354,214
C01775,Karthik Nathan,Male,45,Coimbatore,Tamil Nadu,Gold,2023-01-15,Men,Handloom,Luxury,3678,1282
C01776,Kavya Raman,Female,24,Chennai,Tamil Nadu,Bronze,2024-02-01,Kids,Cotton,Premium,66,900
C01777,Manoj Mohan,Male,32,Tirunelveli,Tamil Nadu,Bronze,2023-04-21,Men,Handloom,Budget,828,1186
C01778,Deepika Shankar,Female,44,Tiruppur,Tamil Nadu,Silver,2024-05-19,Home & Lifestyle,Cotton,Budget,2157,792
C01779,Karthik Krishnan,Male,47,Tiruppur,Tamil Nadu,Silver,2024-01-12,Men,Linen,Luxury,2285,920
C01780,Naveen Prasad,Male,44,Salem,Tamil Nadu,Bronze,2023-08-28,Home & Lifestyle,Linen,Budget,272,1057
C01781,Ajith Devi,Male,47,Salem,Tamil Nadu,Silver,2024-06-26,Men,Polyester,Standard,1544,754
C01782,Vijay Mohan,Male,45,Coimbatore,Tamil Nadu,Silver,2023-04-13,Men,Silk,Standard,1712,1194
C01783,Rahul Krishnan,Male,53,Trichy,Tamil Nadu,Bronze,2023-09-21,Men,Cotton,Budget,265,1033
C01784,Suresh Selvi,Male,28,Tiruppur,Tamil Nadu,Bronze,2023-04-17,Men,Handloom,Budget,146,1190
C01785,Rahul Mohan,Male,34,Villupuram,Tamil Nadu,Platinum,2023-06-17,Home & Lifestyle,Linen,Standard,10375,1129
C01786,Gokul Raman,Male,53,Vellore,Tamil Nadu,Platinum,2023-05-08,Men,Cotton,Budget,14695,1169
C01787,Deepika Kumar,Female,28,Madurai,Tamil Nadu,Gold,2025-02-03,Home & Lifestyle,Linen,Standard,6415,532
C01788,Gokul Devi,Male,62,Coimbatore,Tamil Nadu,Bronze,2025-07-18,Men,Cotton,Budget,122,367
C01789,Anitha Iyer,Female,57,Tiruppur,Tamil Nadu,Bronze,2023-08-19,Women,Cotton,Premium,961,1066
C01790,Keerthana Raman,Female,45,Kallakurichi,Tamil Nadu,Platinum,2023-09-07,Women,Polyester,Standard,13492,1047
C01791,Pavithra Krishnan,Female,48,Chennai,Tamil Nadu,Bronze,2024-11-11,Women,Handloom,Standard,525,616
C01792,Ajith Nathan,Male,36,Erode,Tamil Nadu,Gold,2024-05-04,Home & Lifestyle,Cotton,Budget,3103,807
C01793,Swathi Shankar,Female,18,Hosur,Tamil Nadu,Gold,2025-04-07,Women,Cotton,Standard,6194,469
C01794,Keerthana Shankar,Female,34,Trichy,Tamil Nadu,Bronze,2025-04-11,Women,Cotton,Budget,643,465
C01795,Harini Nathan,Female,59,Kanchipuram,Tamil Nadu,Bronze,2025-10-17,Women,Polyester,Budget,95,276
C01796,Hari Prasad,Male,32,Villupuram,Tamil Nadu,Silver,2025-05-04,Men,Handloom,Standard,2210,442
C01797,Divya Selvi,Female,60,Tiruppur,Tamil Nadu,Bronze,2024-04-01,Women,Polyester,Standard,14,840
C01798,Lakshmi Reddy,Female,34,Salem,Tamil Nadu,Silver,2025-01-10,Women,Handloom,Budget,1394,556
C01799,Gokul Devi,Male,31,Vellore,Tamil Nadu,Silver,2025-05-08,Men,Handloom,Premium,2025,438
C01800,Manoj Nathan,Male,32,Coimbatore,Tamil Nadu,Bronze,2024-03-11,Men,Cotton,Standard,419,861
C01801,Swathi Shankar,Female,25,Tirunelveli,Tamil Nadu,Gold,2024-09-15,Home & Lifestyle,Polyester,Luxury,6670,673
C01802,Swathi Kumar,Female,27,Madurai,Tamil Nadu,Bronze,2024-04-05,Kids,Cotton,Budget,559,836
C01803,Manoj Prasad,Male,49,Hosur,Tamil Nadu,Bronze,2025-02-28,Men,Handloom,Standard,940,507
C01804,Keerthana Raj,Female,31,Kanchipuram,Tamil Nadu,Bronze,2024-05-29,Women,Handloom,Budget,852,782
C01805,Dinesh Iyer,Male,19,Chennai,Tamil Nadu,Bronze,2024-12-14,Men,Linen,Budget,511,583
C01806,Meena Kumar,Female,20,Coimbatore,Tamil Nadu,Bronze,2025-08-09,Women,Cotton,Budget,523,345
C01807,Manoj Krishnan,Male,46,Tiruppur,Tamil Nadu,Silver,2025-07-03,Men,Linen,Budget,2391,382
C01808,Suresh Raman,Male,34,Erode,Tamil Nadu,Bronze,2025-09-22,Men,Handloom,Standard,933,301
C01809,Deepika Raman,Female,47,Villupuram,Tamil Nadu,Bronze,2025-01-04,Women,Linen,Premium,339,562
C01810,Ajith Prasad,Male,58,Villupuram,Tamil Nadu,Bronze,2025-06-20,Men,Linen,Budget,117,395
C01811,Deepika Selvi,Female,29,Trichy,Tamil Nadu,Bronze,2023-12-26,Women,Cotton,Standard,990,937
C01812,Ajith Prasad,Male,48,Trichy,Tamil Nadu,Silver,2023-05-29,Men,Cotton,Budget,1019,1148
C01813,Nithya Reddy,Female,64,Hosur,Tamil Nadu,Silver,2023-10-14,Women,Handloom,Standard,1463,1010
C01814,Deepika Mohan,Female,30,Karur,Tamil Nadu,Silver,2025-06-15,Women,Silk,Standard,1091,400
C01815,Karthik Raman,Male,53,Coimbatore,Tamil Nadu,Silver,2025-10-28,Men,Linen,Standard,2219,265
C01816,Gokul Shankar,Male,63,Chennai,Tamil Nadu,Gold,2025-07-23,Accessories,Linen,Budget,6738,362
C01817,Swathi Krishnan,Female,63,Tirunelveli,Tamil Nadu,Gold,2024-05-06,Kids,Silk,Budget,5353,805
C01818,Kavya Raj,Female,65,Kanchipuram,Tamil Nadu,Bronze,2025-06-15,Women,Linen,Premium,77,400
C01819,Anitha Selvi,Female,55,Tiruppur,Tamil Nadu,Bronze,2025-08-11,Women,Cotton,Standard,637,343
C01820,Hari Devi,Male,57,Karur,Tamil Nadu,Silver,2024-05-24,Men,Linen,Standard,1511,787
C01821,Karthik Vel,Male,64,Salem,Tamil Nadu,Silver,2024-07-26,Men,Polyester,Premium,2986,724
C01822,Vijay Krishnan,Male,50,Salem,Tamil Nadu,Gold,2025-07-05,Men,Linen,Premium,6704,380
C01823,Divya Iyer,Female,29,Kallakurichi,Tamil Nadu,Bronze,2024-12-21,Women,Polyester,Standard,965,576
C01824,Karthik Selvi,Male,22,Salem,Tamil Nadu,Bronze,2024-05-28,Men,Linen,Standard,281,783
C01825,Meena Kumar,Female,56,Karur,Tamil Nadu,Bronze,2023-09-11,Women,Silk,Premium,190,1043
C01826,Kishore Raj,Male,36,Tirunelveli,Tamil Nadu,Bronze,2025-07-28,Home & Lifestyle,Cotton,Budget,955,357
C01827,Kavya Babu,Female,32,Madurai,Tamil Nadu,Bronze,2024-06-14,Home & Lifestyle,Handloom,Standard,40,766
C01828,Arun Selvi,Male,56,Thanjavur,Tamil Nadu,Silver,2023-10-15,Men,Polyester,Budget,2506,1009
C01829,Gokul Nathan,Male,48,Thanjavur,Tamil Nadu,Bronze,2025-05-20,Men,Handloom,Budget,556,426
C01830,Hari Babu,Male,55,Hosur,Tamil Nadu,Silver,2023-09-04,Men,Handloom,Premium,1356,1050
C01831,Rahul Selvi,Male,26,Coimbatore,Tamil Nadu,Bronze,2025-08-09,Men,Cotton,Premium,227,345
C01832,Pavithra Kumar,Female,19,Erode,Tamil Nadu,Bronze,2025-06-20,Women,Handloom,Standard,119,395
C01833,Saravanan Babu,Male,58,Hosur,Tamil Nadu,Bronze,2024-04-26,Men,Silk,Premium,459,815
C01834,Revathi Murugan,Female,31,Tiruppur,Tamil Nadu,Silver,2025-12-07,Kids,Handloom,Standard,1723,225
C01835,Ajith Vel,Male,28,Erode,Tamil Nadu,Gold,2024-06-21,Men,Linen,Premium,6663,759
C01836,Sowmya Vel,Female,39,Tiruppur,Tamil Nadu,Platinum,2023-05-01,Accessories,Silk,Budget,8093,1176
C01837,Ajith Reddy,Male,59,Trichy,Tamil Nadu,Bronze,2024-02-11,Home & Lifestyle,Linen,Standard,718,890
C01838,Saravanan Babu,Male,44,Chennai,Tamil Nadu,Bronze,2023-06-14,Men,Handloom,Budget,867,1132
C01839,Priya Raj,Female,20,Salem,Tamil Nadu,Bronze,2023-01-14,Kids,Silk,Standard,505,1283
C01840,Arun Nathan,Male,34,Thanjavur,Tamil Nadu,Bronze,2025-12-17,Men,Linen,Budget,642,215
C01841,Pavithra Raman,Female,26,Thanjavur,Tamil Nadu,Bronze,2025-08-08,Women,Linen,Budget,936,346
C01842,Vijay Babu,Male,22,Thanjavur,Tamil Nadu,Bronze,2023-08-22,Men,Linen,Budget,69,1063
C01843,Keerthana Murugan,Female,39,Coimbatore,Tamil Nadu,Platinum,2023-07-18,Women,Linen,Budget,8378,1098
C01844,Karthik Vel,Male,37,Villupuram,Tamil Nadu,Platinum,2025-04-22,Men,Linen,Budget,10792,454
C01845,Swathi Reddy,Female,52,Madurai,Tamil Nadu,Bronze,2024-09-08,Women,Linen,Luxury,800,680
C01846,Aishwarya Kumar,Female,42,Vellore,Tamil Nadu,Silver,2023-08-21,Women,Handloom,Budget,1975,1064
C01847,Naveen Raman,Male,57,Kanchipuram,Tamil Nadu,Silver,2025-10-18,Men,Handloom,Budget,1088,275
C01848,Priya Selvi,Female,48,Madurai,Tamil Nadu,Bronze,2023-01-02,Home & Lifestyle,Silk,Standard,291,1295
C01849,Meena Babu,Female,61,Hosur,Tamil Nadu,Bronze,2023-09-03,Women,Polyester,Budget,159,1051
C01850,Pavithra Kumar,Female,36,Trichy,Tamil Nadu,Bronze,2025-08-29,Kids,Linen,Standard,733,325
C01851,Meena Iyer,Female,21,Chennai,Tamil Nadu,Gold,2023-11-10,Women,Handloom,Standard,5443,983
C01852,Rahul Shankar,Male,47,Tiruppur,Tamil Nadu,Gold,2023-12-09,Men,Handloom,Budget,4123,954
C01853,Harini Babu,Female,60,Villupuram,Tamil Nadu,Bronze,2025-10-09,Home & Lifestyle,Cotton,Standard,277,284
C01854,Swathi Krishnan,Female,36,Karur,Tamil Nadu,Bronze,2023-06-30,Home & Lifestyle,Linen,Budget,331,1116
C01855,Keerthana Raj,Female,21,Chennai,Tamil Nadu,Silver,2025-01-14,Women,Linen,Standard,1306,552
C01856,Priya Raj,Female,19,Madurai,Tamil Nadu,Silver,2023-06-11,Women,Cotton,Budget,1690,1135
C01857,Saravanan Reddy,Male,40,Tirunelveli,Tamil Nadu,Silver,2024-01-11,Men,Handloom,Standard,2007,921
C01858,Lakshmi Raj,Female,57,Coimbatore,Tamil Nadu,Silver,2023-09-21,Women,Handloom,Luxury,2843,1033
C01859,Sowmya Babu,Female,31,Erode,Tamil Nadu,Silver,2024-11-16,Accessories,Silk,Standard,1178,611
C01860,Karthik Krishnan,Male,36,Vellore,Tamil Nadu,Bronze,2025-06-15,Men,Cotton,Budget,733,400
C01861,Ajith Shankar,Male,65,Salem,Tamil Nadu,Gold,2023-06-07,Men,Linen,Budget,6190,1139
C01862,Deepika Krishnan,Female,31,Kanchipuram,Tamil Nadu,Bronze,2024-04-26,Women,Polyester,Luxury,522,815
C01863,Karthik Kumar,Male,32,Coimbatore,Tamil Nadu,Gold,2023-01-05,Men,Cotton,Budget,3753,1292
C01864,Praveen Raj,Male,58,Thanjavur,Tamil Nadu,Bronze,2024-03-27,Men,Cotton,Standard,828,845
C01865,Rahul Selvi,Male,61,Salem,Tamil Nadu,Gold,2023-11-09,Men,Linen,Budget,5266,984
C01866,Gokul Raj,Male,24,Madurai,Tamil Nadu,Silver,2024-05-25,Men,Polyester,Luxury,2132,786
C01867,Ramesh Mohan,Male,48,Kanchipuram,Tamil Nadu,Bronze,2024-11-07,Men,Handloom,Standard,253,620
C01868,Hari Babu,Male,53,Coimbatore,Tamil Nadu,Platinum,2023-03-14,Accessories,Polyester,Budget,13494,1224
C01869,Lakshmi Selvi,Female,47,Karur,Tamil Nadu,Gold,2025-07-13,Women,Linen,Budget,4496,372
C01870,Harini Kumar,Female,55,Madurai,Tamil Nadu,Bronze,2024-06-18,Accessories,Polyester,Standard,499,762
C01871,Keerthana Nathan,Female,56,Vellore,Tamil Nadu,Bronze,2025-09-27,Women,Handloom,Budget,373,296
C01872,Aishwarya Babu,Female,22,Vellore,Tamil Nadu,Silver,2025-12-29,Accessories,Polyester,Budget,1188,203
C01873,Revathi Prasad,Female,42,Erode,Tamil Nadu,Gold,2023-11-19,Kids,Cotton,Budget,5480,974
C01874,Saravanan Shankar,Male,51,Karur,Tamil Nadu,Bronze,2025-10-28,Men,Polyester,Premium,296,265
C01875,Harini Prasad,Female,34,Tirunelveli,Tamil Nadu,Bronze,2023-07-24,Women,Polyester,Premium,378,1092
C01876,Sowmya Kumar,Female,36,Vellore,Tamil Nadu,Bronze,2025-04-08,Women,Polyester,Luxury,389,468
C01877,Lakshmi Babu,Female,21,Chennai,Tamil Nadu,Bronze,2023-07-10,Women,Polyester,Standard,616,1106
C01878,Kishore Raj,Male,44,Chennai,Tamil Nadu,Bronze,2023-08-07,Men,Cotton,Standard,350,1078
C01879,Meena Shankar,Female,18,Madurai,Tamil Nadu,Bronze,2025-11-30,Women,Cotton,Budget,147,232
C01880,Divya Raj,Female,29,Karur,Tamil Nadu,Gold,2025-08-11,Women,Cotton,Standard,3991,343
C01881,Manoj Selvi,Male,36,Hosur,Tamil Nadu,Silver,2024-03-26,Men,Silk,Premium,1494,846
C01882,Naveen Mohan,Male,62,Kanchipuram,Tamil Nadu,Bronze,2023-03-15,Men,Silk,Standard,37,1223
C01883,Swathi Prasad,Female,52,Karur,Tamil Nadu,Silver,2024-07-14,Kids,Handloom,Premium,2410,736
C01884,Rahul Nathan,Male,35,Kallakurichi,Tamil Nadu,Silver,2025-05-15,Men,Handloom,Standard,2679,431
C01885,Lakshmi Kumar,Female,35,Madurai,Tamil Nadu,Bronze,2023-07-25,Women,Polyester,Standard,15,1091
C01886,Nithya Prasad,Female,63,Coimbatore,Tamil Nadu,Bronze,2025-11-17,Accessories,Silk,Standard,399,245
C01887,Gokul Devi,Male,26,Thanjavur,Tamil Nadu,Silver,2024-04-13,Men,Cotton,Luxury,1729,828
C01888,Ramesh Krishnan,Male,18,Villupuram,Tamil Nadu,Bronze,2024-09-18,Accessories,Handloom,Standard,559,670
C01889,Manoj Devi,Male,31,Karur,Tamil Nadu,Bronze,2024-01-14,Men,Handloom,Standard,738,918
C01890,Suresh Vel,Male,61,Thanjavur,Tamil Nadu,Bronze,2025-09-16,Men,Cotton,Budget,962,307
C01891,Meena Nathan,Female,38,Thanjavur,Tamil Nadu,Bronze,2023-06-09,Kids,Silk,Premium,556,1137
C01892,Manoj Nathan,Male,49,Madurai,Tamil Nadu,Gold,2025-04-24,Home & Lifestyle,Cotton,Standard,3729,452
C01893,Priya Iyer,Female,25,Chennai,Tamil Nadu,Silver,2025-03-11,Women,Cotton,Standard,1615,496
C01894,Priya Vel,Female,28,Kallakurichi,Tamil Nadu,Gold,2025-10-07,Women,Silk,Budget,3189,286
C01895,Pavithra Kumar,Female,20,Tiruppur,Tamil Nadu,Silver,2025-07-14,Kids,Linen,Budget,2088,371
C01896,Divya Murugan,Female,33,Thanjavur,Tamil Nadu,Platinum,2023-08-16,Kids,Linen,Premium,11058,1069
C01897,Lakshmi Mohan,Female,23,Tirunelveli,Tamil Nadu,Gold,2023-05-04,Kids,Polyester,Premium,4912,1173
C01898,Ajith Nathan,Male,47,Kanchipuram,Tamil Nadu,Silver,2023-10-21,Men,Handloom,Premium,1873,1003
C01899,Divya Mohan,Female,45,Kanchipuram,Tamil Nadu,Silver,2023-09-10,Women,Linen,Luxury,2985,1044
C01900,Karthik Mohan,Male,62,Tirunelveli,Tamil Nadu,Silver,2025-11-14,Men,Linen,Luxury,1840,248
C01901,Ajith Devi,Male,37,Kanchipuram,Tamil Nadu,Bronze,2025-03-28,Men,Silk,Standard,684,479
C01902,Sowmya Prasad,Female,37,Erode,Tamil Nadu,Silver,2023-01-22,Kids,Cotton,Premium,2887,1275
C01903,Kavya Nathan,Female,35,Erode,Tamil Nadu,Silver,2023-09-10,Home & Lifestyle,Silk,Premium,2024,1044
C01904,Dinesh Kumar,Male,37,Chennai,Tamil Nadu,Gold,2024-05-26,Men,Silk,Standard,5395,785
C01905,Dinesh Mohan,Male,27,Salem,Tamil Nadu,Silver,2024-06-22,Men,Linen,Budget,1727,758
C01906,Gokul Devi,Male,46,Karur,Tamil Nadu,Silver,2023-12-26,Home & Lifestyle,Linen,Standard,1920,937
C01907,Praveen Raman,Male,57,Hosur,Tamil Nadu,Gold,2024-05-07,Men,Polyester,Standard,3433,804
C01908,Praveen Vel,Male,30,Chennai,Tamil Nadu,Bronze,2024-12-21,Men,Handloom,Luxury,444,576
C01909,Harini Iyer,Female,20,Vellore,Tamil Nadu,Bronze,2024-04-01,Accessories,Cotton,Premium,152,840
C01910,Nithya Prasad,Female,60,Vellore,Tamil Nadu,Bronze,2025-11-23,Women,Silk,Standard,533,239
C01911,Ramesh Devi,Male,63,Villupuram,Tamil Nadu,Bronze,2023-09-12,Men,Cotton,Standard,665,1042
C01912,Deepika Vel,Female,23,Erode,Tamil Nadu,Bronze,2024-03-03,Women,Silk,Premium,796,869
C01913,Kishore Raj,Male,45,Karur,Tamil Nadu,Silver,2024-02-10,Men,Polyester,Standard,2617,891
C01914,Harini Reddy,Female,63,Karur,Tamil Nadu,Silver,2025-08-15,Women,Handloom,Standard,1642,339
C01915,Vijay Devi,Male,19,Villupuram,Tamil Nadu,Bronze,2023-06-07,Men,Linen,Premium,221,1139
C01916,Dinesh Iyer,Male,32,Villupuram,Tamil Nadu,Silver,2023-10-07,Men,Polyester,Budget,2710,1017
C01917,Karthik Devi,Male,36,Thanjavur,Tamil Nadu,Bronze,2025-11-28,Men,Linen,Standard,298,234
C01918,Suresh Prasad,Male,63,Chennai,Tamil Nadu,Bronze,2024-12-01,Men,Handloom,Standard,721,596
C01919,Harini Prasad,Female,46,Villupuram,Tamil Nadu,Silver,2023-07-26,Home & Lifestyle,Linen,Premium,2902,1090
C01920,Revathi Vel,Female,29,Hosur,Tamil Nadu,Bronze,2024-10-28,Women,Silk,Premium,832,630
C01921,Ramesh Raj,Male,43,Kanchipuram,Tamil Nadu,Bronze,2024-05-05,Accessories,Linen,Budget,843,806
C01922,Swathi Kumar,Female,51,Tiruppur,Tamil Nadu,Platinum,2023-12-26,Women,Silk,Budget,13770,937
C01923,Dinesh Devi,Male,49,Chennai,Tamil Nadu,Gold,2023-02-13,Men,Linen,Standard,4267,1253
C01924,Keerthana Reddy,Female,20,Tirunelveli,Tamil Nadu,Gold,2024-06-08,Women,Cotton,Premium,4716,772
C01925,Dinesh Krishnan,Male,44,Villupuram,Tamil Nadu,Silver,2024-09-29,Men,Handloom,Budget,1199,659
C01926,Ajith Mohan,Male,25,Karur,Tamil Nadu,Bronze,2024-11-12,Accessories,Polyester,Budget,844,615
C01927,Karthik Krishnan,Male,50,Vellore,Tamil Nadu,Gold,2024-03-26,Men,Linen,Budget,4030,846
C01928,Vijay Selvi,Male,57,Tiruppur,Tamil Nadu,Silver,2025-11-09,Men,Polyester,Premium,2506,253
C01929,Deepika Reddy,Female,21,Kanchipuram,Tamil Nadu,Gold,2024-12-24,Women,Handloom,Budget,6326,573
C01930,Deepika Devi,Female,25,Trichy,Tamil Nadu,Silver,2023-11-08,Women,Handloom,Standard,1144,985
C01931,Nithya Murugan,Female,24,Salem,Tamil Nadu,Silver,2025-03-22,Women,Silk,Standard,2810,485
C01932,Sowmya Iyer,Female,23,Kanchipuram,Tamil Nadu,Gold,2023-12-26,Kids,Linen,Premium,3722,937
C01933,Meena Reddy,Female,18,Chennai,Tamil Nadu,Bronze,2023-12-02,Accessories,Handloom,Budget,994,961
C01934,Revathi Raj,Female,50,Coimbatore,Tamil Nadu,Silver,2024-12-14,Women,Polyester,Standard,2373,583
C01935,Swathi Prasad,Female,33,Karur,Tamil Nadu,Gold,2024-09-16,Women,Silk,Luxury,5284,672
C01936,Saravanan Prasad,Male,49,Erode,Tamil Nadu,Bronze,2025-03-22,Home & Lifestyle,Silk,Budget,520,485
C01937,Kavya Nathan,Female,46,Villupuram,Tamil Nadu,Silver,2023-10-13,Women,Handloom,Premium,2600,1011
C01938,Naveen Raj,Male,27,Tiruppur,Tamil Nadu,Platinum,2023-10-29,Men,Linen,Standard,14293,995
C01939,Anitha Vel,Female,44,Tirunelveli,Tamil Nadu,Bronze,2023-08-11,Kids,Linen,Standard,79,1074
C01940,Divya Iyer,Female,20,Kallakurichi,Tamil Nadu,Bronze,2024-05-26,Women,Silk,Standard,561,785
C01941,Meena Nathan,Female,57,Karur,Tamil Nadu,Bronze,2023-11-01,Women,Polyester,Premium,534,992
C01942,Keerthana Murugan,Female,35,Erode,Tamil Nadu,Bronze,2023-03-27,Women,Linen,Budget,774,1211
C01943,Gokul Nathan,Male,25,Tirunelveli,Tamil Nadu,Bronze,2023-06-27,Accessories,Cotton,Budget,989,1119
C01944,Swathi Reddy,Female,19,Thanjavur,Tamil Nadu,Silver,2025-09-19,Home & Lifestyle,Linen,Standard,2223,304
C01945,Naveen Murugan,Male,53,Trichy,Tamil Nadu,Bronze,2024-06-19,Men,Linen,Premium,724,761
C01946,Gokul Nathan,Male,50,Coimbatore,Tamil Nadu,Gold,2023-05-28,Men,Silk,Standard,5793,1149
C01947,Divya Selvi,Female,19,Chennai,Tamil Nadu,Bronze,2023-10-23,Kids,Handloom,Premium,490,1001
C01948,Sowmya Nathan,Female,60,Coimbatore,Tamil Nadu,Silver,2024-03-17,Women,Cotton,Budget,2636,855
C01949,Vijay Reddy,Male,55,Vellore,Tamil Nadu,Bronze,2025-12-26,Accessories,Linen,Standard,727,206
C01950,Suresh Shankar,Male,21,Karur,Tamil Nadu,Bronze,2024-10-26,Men,Cotton,Budget,362,632
C01951,Anitha Kumar,Female,34,Trichy,Tamil Nadu,Gold,2025-02-01,Women,Silk,Premium,5062,534
C01952,Divya Nathan,Female,47,Salem,Tamil Nadu,Bronze,2023-10-05,Women,Silk,Standard,912,1019
C01953,Manoj Selvi,Male,51,Erode,Tamil Nadu,Bronze,2023-10-06,Men,Silk,Premium,876,1018
C01954,Arun Prasad,Male,36,Chennai,Tamil Nadu,Bronze,2024-06-22,Men,Silk,Luxury,805,758
C01955,Lakshmi Nathan,Female,51,Villupuram,Tamil Nadu,Gold,2023-06-20,Women,Silk,Standard,3433,1126
C01956,Sowmya Reddy,Female,32,Chennai,Tamil Nadu,Silver,2023-07-09,Kids,Polyester,Budget,1296,1107
C01957,Suresh Raman,Male,29,Karur,Tamil Nadu,Silver,2025-01-15,Men,Polyester,Standard,2038,551
C01958,Vijay Reddy,Male,38,Erode,Tamil Nadu,Silver,2023-07-27,Men,Silk,Budget,2989,1089
C01959,Rahul Babu,Male,25,Erode,Tamil Nadu,Gold,2024-05-17,Men,Polyester,Budget,6009,794
C01960,Sowmya Mohan,Female,60,Kallakurichi,Tamil Nadu,Bronze,2024-04-30,Women,Polyester,Standard,941,811
C01961,Pavithra Mohan,Female,45,Coimbatore,Tamil Nadu,Bronze,2023-07-17,Women,Linen,Premium,858,1099
C01962,Pavithra Kumar,Female,48,Kallakurichi,Tamil Nadu,Silver,2024-08-27,Kids,Silk,Premium,1913,692
C01963,Revathi Reddy,Female,63,Villupuram,Tamil Nadu,Bronze,2024-09-23,Women,Polyester,Standard,14,665
C01964,Hari Raj,Male,39,Coimbatore,Tamil Nadu,Bronze,2023-01-26,Men,Silk,Budget,483,1271
C01965,Nithya Prasad,Female,64,Karur,Tamil Nadu,Silver,2025-03-27,Women,Polyester,Luxury,1028,480
C01966,Kavya Iyer,Female,38,Trichy,Tamil Nadu,Silver,2025-06-08,Women,Silk,Standard,2517,407
C01967,Karthik Nathan,Male,57,Kallakurichi,Tamil Nadu,Silver,2023-01-07,Men,Cotton,Budget,1812,1290
C01968,Ramesh Reddy,Male,63,Karur,Tamil Nadu,Silver,2024-02-02,Men,Handloom,Premium,1563,899
C01969,Ajith Raj,Male,45,Hosur,Tamil Nadu,Bronze,2024-09-01,Accessories,Silk,Standard,150,687
C01970,Arun Iyer,Male,20,Karur,Tamil Nadu,Bronze,2024-11-10,Men,Cotton,Budget,86,617
C01971,Ajith Selvi,Male,28,Hosur,Tamil Nadu,Bronze,2024-05-14,Men,Polyester,Standard,113,797
C01972,Naveen Murugan,Male,55,Villupuram,Tamil Nadu,Gold,2024-10-20,Men,Handloom,Standard,5495,638
C01973,Suresh Babu,Male,41,Coimbatore,Tamil Nadu,Bronze,2025-05-30,Men,Cotton,Premium,435,416
C01974,Saravanan Vel,Male,40,Salem,Tamil Nadu,Gold,2025-06-17,Men,Cotton,Standard,5246,398
C01975,Harini Nathan,Female,29,Tirunelveli,Tamil Nadu,Bronze,2024-11-18,Women,Polyester,Standard,271,609
C01976,Dinesh Devi,Male,18,Hosur,Tamil Nadu,Silver,2023-05-08,Men,Polyester,Standard,2923,1169
C01977,Pavithra Mohan,Female,42,Salem,Tamil Nadu,Bronze,2024-05-06,Women,Linen,Budget,547,805
C01978,Hari Selvi,Male,31,Thanjavur,Tamil Nadu,Silver,2024-06-23,Men,Handloom,Premium,1880,757
C01979,Rahul Babu,Male,61,Vellore,Tamil Nadu,Gold,2025-10-20,Men,Cotton,Budget,6092,273
C01980,Vijay Vel,Male,42,Chennai,Tamil Nadu,Silver,2025-03-04,Men,Handloom,Luxury,2507,503
C01981,Priya Iyer,Female,64,Thanjavur,Tamil Nadu,Silver,2025-01-26,Home & Lifestyle,Cotton,Standard,2000,540
C01982,Priya Nathan,Female,21,Hosur,Tamil Nadu,Silver,2025-05-21,Women,Polyester,Standard,2317,425
C01983,Kavya Raman,Female,46,Thanjavur,Tamil Nadu,Silver,2024-01-13,Kids,Linen,Premium,1630,919
C01984,Naveen Murugan,Male,40,Salem,Tamil Nadu,Bronze,2024-01-07,Men,Handloom,Premium,574,925
C01985,Dinesh Selvi,Male,36,Hosur,Tamil Nadu,Gold,2025-06-12,Men,Handloom,Standard,6936,403
C01986,Karthik Prasad,Male,32,Kallakurichi,Tamil Nadu,Bronze,2025-06-23,Men,Silk,Premium,366,392
C01987,Kavya Prasad,Female,31,Kanchipuram,Tamil Nadu,Gold,2024-08-28,Women,Linen,Budget,6111,691
C01988,Divya Prasad,Female,58,Madurai,Tamil Nadu,Bronze,2025-04-13,Women,Silk,Budget,798,463
C01989,Sowmya Murugan,Female,31,Kallakurichi,Tamil Nadu,Silver,2025-12-14,Women,Polyester,Premium,1457,218
C01990,Keerthana Babu,Female,47,Chennai,Tamil Nadu,Bronze,2023-03-01,Women,Cotton,Standard,292,1237
C01991,Arun Selvi,Male,51,Karur,Tamil Nadu,Gold,2024-03-26,Men,Silk,Standard,4816,846
C01992,Keerthana Shankar,Female,41,Madurai,Tamil Nadu,Bronze,2023-06-07,Kids,Silk,Standard,406,1139
C01993,Ramesh Raman,Male,56,Villupuram,Tamil Nadu,Silver,2025-09-11,Men,Linen,Standard,2407,312
C01994,Sowmya Reddy,Female,22,Salem,Tamil Nadu,Bronze,2024-05-09,Women,Cotton,Standard,661,802
C01995,Revathi Babu,Female,37,Kallakurichi,Tamil Nadu,Gold,2023-03-29,Women,Linen,Premium,3272,1209
C01996,Aishwarya Iyer,Female,58,Vellore,Tamil Nadu,Bronze,2023-04-18,Women,Linen,Budget,515,1189
C01997,Meena Babu,Female,26,Karur,Tamil Nadu,Gold,2023-02-18,Women,Linen,Standard,5100,1248
C01998,Praveen Reddy,Male,50,Karur,Tamil Nadu,Bronze,2025-11-13,Men,Handloom,Premium,298,249
C01999,Nithya Mohan,Female,29,Tiruppur,Tamil Nadu,Silver,2023-10-28,Home & Lifestyle,Handloom,Premium,1070,996
C02000,Revathi Devi,Female,48,Vellore,Tamil Nadu,Bronze,2024-03-25,Women,Linen,Premium,184,847
